company_id,company_name,composite_quality_score,sector_relative_score
ABB,Abbott India Ltd,15.591529054475444,15.591529054475444
ABB,Abbott India Ltd,16.9131881562631,16.9131881562631
ABB,Abbott India Ltd,16.9131881562631,16.9131881562631
ABB,Abbott India Ltd,17.222034946962246,17.222034946962246
ABB,Abbott India Ltd,17.222034946962246,17.222034946962246
ABB,Abbott India Ltd,15.547038316371774,15.547038316371774
ABB,Abbott India Ltd,15.547038316371774,15.547038316371774
ABB,Abbott India Ltd,14.756507016956082,14.756507016956082
ABB,Abbott India Ltd,14.756507016956082,14.756507016956082
ABB,Abbott India Ltd,17.922324543289406,17.922324543289406
ABB,Abbott India Ltd,17.922324543289406,17.922324543289406
ABB,Abbott India Ltd,17.32097161774213,17.32097161774213
ABB,Abbott India Ltd,17.32097161774213,17.32097161774213
ABB,Abbott India Ltd,19.440702152936815,19.440702152936815
ABB,Abbott India Ltd,19.440702152936815,19.440702152936815
ABB,Abbott India Ltd,21.294488801225544,21.294488801225544
ABB,Abbott India Ltd,21.294488801225544,21.294488801225544
ABB,Abbott India Ltd,22.298154555940023,22.298154555940023
ABB,Abbott India Ltd,22.298154555940023,22.298154555940023
ABB,Abbott India Ltd,23.754756749288614,23.754756749288614
ABB,Abbott India Ltd,23.754756749288614,23.754756749288614
ABB,Abbott India Ltd,26.500829587513568,26.500829587513568
ABB,Abbott India Ltd,26.500829587513568,26.500829587513568
ADANIENSOL,Adani Energy Solutions Ltd,,
ADANIENSOL,Adani Energy Solutions Ltd,-2.994932087148365,-2.994932087148365
ADANIENSOL,Adani Energy Solutions Ltd,15.272736204891949,15.272736204891949
ADANIENSOL,Adani Energy Solutions Ltd,14.2902921478338,14.2902921478338
ADANIENSOL,Adani Energy Solutions Ltd,23.92572915316662,23.92572915316662
ADANIENSOL,Adani Energy Solutions Ltd,7.3012179657543985,7.3012179657543985
ADANIENSOL,Adani Energy Solutions Ltd,7.245581181775538,7.245581181775538
ADANIENSOL,Adani Energy Solutions Ltd,13.729838273794527,13.729838273794527
ADANIENSOL,Adani Energy Solutions Ltd,11.723667608316712,11.723667608316712
ADANIENSOL,Adani Energy Solutions Ltd,10.269853224038293,10.269853224038293
ADANIENSOL,Adani Energy Solutions Ltd,8.331529589322702,8.331529589322702
ADANIENT,Adani Enterprises Ltd,4.159533963322363,4.159533963322363
ADANIENT,Adani Enterprises Ltd,7.976659724995577,7.976659724995577
ADANIENT,Adani Enterprises Ltd,6.248314014836236,6.248314014836236
ADANIENT,Adani Enterprises Ltd,5.207721739793428,5.207721739793428
ADANIENT,Adani Enterprises Ltd,4.537767046007556,4.537767046007556
ADANIENT,Adani Enterprises Ltd,2.7950666449548143,2.7950666449548143
ADANIENT,Adani Enterprises Ltd,2.341120103071111,2.341120103071111
ADANIENT,Adani Enterprises Ltd,4.266463551351864,4.266463551351864
ADANIENT,Adani Enterprises Ltd,4.370774711634155,4.370774711634155
ADANIENT,Adani Enterprises Ltd,2.3377893717334963,2.3377893717334963
ADANIENT,Adani Enterprises Ltd,4.61354040844504,4.61354040844504
ADANIENT,Adani Enterprises Ltd,5.996720261203016,5.996720261203016
ADANIGREEN,Adani Green Energy Ltd,-6.634724609459088,-6.634724609459088
ADANIGREEN,Adani Green Energy Ltd,-9.807576032408246,-9.807576032408246
ADANIGREEN,Adani Green Energy Ltd,-23.826931556008702,-23.826931556008702
ADANIGREEN,Adani Green Energy Ltd,-2.7763680816538896,-2.7763680816538896
ADANIGREEN,Adani Green Energy Ltd,7.049295774647888,7.049295774647888
ADANIGREEN,Adani Green Energy Ltd,14.116777572724668,14.116777572724668
ADANIGREEN,Adani Green Energy Ltd,12.917163885621047,12.917163885621047
ADANIGREEN,Adani Green Energy Ltd,13.23931713295367,13.23931713295367
ADANIPORTS,"Adani Ports & Special Economic Zone Ltd
",35.72696315362049,35.72696315362049
ADANIPORTS,"Adani Ports & Special Economic Zone Ltd
",27.954320248399963,27.954320248399963
ADANIPORTS,"Adani Ports & Special Economic Zone Ltd
",29.68240704445426,29.68240704445426
ADANIPORTS,"Adani Ports & Special Economic Zone Ltd
",30.661074924241234,30.661074924241234
ADANIPORTS,"Adani Ports & Special Economic Zone Ltd
",34.25088535365404,34.25088535365404
ADANIPORTS,"Adani Ports & Special Economic Zone Ltd
",25.120752540165583,25.120752540165583
ADANIPORTS,"Adani Ports & Special Economic Zone Ltd
",26.811043058377003,26.811043058377003
ADANIPORTS,"Adani Ports & Special Economic Zone Ltd
",23.373631225609238,23.373631225609238
ADANIPORTS,"Adani Ports & Special Economic Zone Ltd
",28.408629402759516,28.408629402759516
ADANIPORTS,"Adani Ports & Special Economic Zone Ltd
",20.388048530734128,20.388048530734128
ADANIPORTS,"Adani Ports & Special Economic Zone Ltd
",18.865481124299176,18.865481124299176
ADANIPORTS,"Adani Ports & Special Economic Zone Ltd
",22.847221598492066,22.847221598492066
ADANIPORTS,"Adani Ports & Special Economic Zone Ltd
",35.72696315362049,35.72696315362049
ADANIPORTS,"Adani Ports & Special Economic Zone Ltd
",27.954320248399963,27.954320248399963
ADANIPORTS,"Adani Ports & Special Economic Zone Ltd
",29.68240704445426,29.68240704445426
ADANIPORTS,"Adani Ports & Special Economic Zone Ltd
",30.661074924241234,30.661074924241234
ADANIPORTS,"Adani Ports & Special Economic Zone Ltd
",34.25088535365404,34.25088535365404
ADANIPORTS,"Adani Ports & Special Economic Zone Ltd
",25.120752540165583,25.120752540165583
ADANIPORTS,"Adani Ports & Special Economic Zone Ltd
",26.811043058377003,26.811043058377003
ADANIPORTS,"Adani Ports & Special Economic Zone Ltd
",23.373631225609238,23.373631225609238
ADANIPORTS,"Adani Ports & Special Economic Zone Ltd
",28.408629402759516,28.408629402759516
ADANIPORTS,"Adani Ports & Special Economic Zone Ltd
",20.388048530734128,20.388048530734128
ADANIPORTS,"Adani Ports & Special Economic Zone Ltd
",18.865481124299176,18.865481124299176
ADANIPORTS,"Adani Ports & Special Economic Zone Ltd
",22.847221598492066,22.847221598492066
ADANIPOWER,Adani Power Ltd,-43.876899856018824,-43.876899856018824
ADANIPOWER,Adani Power Ltd,-3.1729937881629064,-3.1729937881629064
ADANIPOWER,Adani Power Ltd,-9.31044101227396,-9.31044101227396
ADANIPOWER,Adani Power Ltd,4.774702098672321,4.774702098672321
ADANIPOWER,Adani Power Ltd,-116.54962858153519,-116.54962858153519
ADANIPOWER,Adani Power Ltd,-123.45774763526899,-123.45774763526899
ADANIPOWER,Adani Power Ltd,-8.439624505997521,-8.439624505997521
ADANIPOWER,Adani Power Ltd,-21.84894624728957,-21.84894624728957
ADANIPOWER,Adani Power Ltd,7.264245733822621,7.264245733822621
ADANIPOWER,Adani Power Ltd,22.169510967333444,22.169510967333444
ADANIPOWER,Adani Power Ltd,31.78561687399209,31.78561687399209
ADANIPOWER,Adani Power Ltd,44.82217033665526,44.82217033665526
AMBUJACEM,Ambuja Cements Ltd,13.969733175269457,13.969733175269457
AMBUJACEM,Ambuja Cements Ltd,13.72855015163464,13.72855015163464
AMBUJACEM,Ambuja Cements Ltd,14.851925521849315,14.851925521849315
AMBUJACEM,Ambuja Cements Ltd,8.214426242842492,8.214426242842492
AMBUJACEM,Ambuja Cements Ltd,7.185604833007583,7.185604833007583
AMBUJACEM,Ambuja Cements Ltd,8.823622948173854,8.823622948173854
AMBUJACEM,Ambuja Cements Ltd,12.353366481318265,12.353366481318265
AMBUJACEM,Ambuja Cements Ltd,10.913063051036513,10.913063051036513
AMBUJACEM,Ambuja Cements Ltd,13.16314906374285,13.16314906374285
AMBUJACEM,Ambuja Cements Ltd,13.724379104669186,13.724379104669186
AMBUJACEM,Ambuja Cements Ltd,12.858642051752867,12.858642051752867
APOLLOHOSP,"Apollo Hospitals
Chain of Indian private hospitals",9.534741245013857,9.534741245013857
APOLLOHOSP,"Apollo Hospitals
Chain of Indian private hospitals",8.905433586191249,8.905433586191249
APOLLOHOSP,"Apollo Hospitals
Chain of Indian private hospitals",8.546323885371537,8.546323885371537
APOLLOHOSP,"Apollo Hospitals
Chain of Indian private hospitals",5.436979669916747,5.436979669916747
APOLLOHOSP,"Apollo Hospitals
Chain of Indian private hospitals",2.8791647010211596,2.8791647010211596
APOLLOHOSP,"Apollo Hospitals
Chain of Indian private hospitals",1.2864543906873012,1.2864543906873012
APOLLOHOSP,"Apollo Hospitals
Chain of Indian private hospitals",4.039225429324034,4.039225429324034
APOLLOHOSP,"Apollo Hospitals
Chain of Indian private hospitals",8.387578004833225,8.387578004833225
APOLLOHOSP,"Apollo Hospitals
Chain of Indian private hospitals",2.136834138144425,2.136834138144425
APOLLOHOSP,"Apollo Hospitals
Chain of Indian private hospitals",13.630609243179467,13.630609243179467
APOLLOHOSP,"Apollo Hospitals
Chain of Indian private hospitals",9.348980240862828,9.348980240862828
APOLLOHOSP,"Apollo Hospitals
Chain of Indian private hospitals",9.193105465072854,9.193105465072854
ASIANPAINT,"Asian Paints
Indian Multi-National Paint and Coating Manufacturing Company",22.66118592219287,22.66118592219287
ASIANPAINT,"Asian Paints
Indian Multi-National Paint and Coating Manufacturing Company",22.66118592219287,22.66118592219287
ASIANPAINT,"Asian Paints
Indian Multi-National Paint and Coating Manufacturing Company",20.80281595685925,20.80281595685925
ASIANPAINT,"Asian Paints
Indian Multi-National Paint and Coating Manufacturing Company",20.80281595685925,20.80281595685925
ASIANPAINT,"Asian Paints
Indian Multi-National Paint and Coating Manufacturing Company",20.286937444791725,20.286937444791725
ASIANPAINT,"Asian Paints
Indian Multi-National Paint and Coating Manufacturing Company",20.286937444791725,20.286937444791725
ASIANPAINT,"Asian Paints
Indian Multi-National Paint and Coating Manufacturing Company",20.133098470735202,20.133098470735202
ASIANPAINT,"Asian Paints
Indian Multi-National Paint and Coating Manufacturing Company",20.133098470735202,20.133098470735202
ASIANPAINT,"Asian Paints
Indian Multi-National Paint and Coating Manufacturing Company",19.948519292273332,19.948519292273332
ASIANPAINT,"Asian Paints
Indian Multi-National Paint and Coating Manufacturing Company",19.948519292273332,19.948519292273332
ASIANPAINT,"Asian Paints
Indian Multi-National Paint and Coating Manufacturing Company",18.708015823517254,18.708015823517254
ASIANPAINT,"Asian Paints
Indian Multi-National Paint and Coating Manufacturing Company",18.708015823517254,18.708015823517254
ASIANPAINT,"Asian Paints
Indian Multi-National Paint and Coating Manufacturing Company",17.394681784925687,17.394681784925687
ASIANPAINT,"Asian Paints
Indian Multi-National Paint and Coating Manufacturing Company",17.394681784925687,17.394681784925687
ASIANPAINT,"Asian Paints
Indian Multi-National Paint and Coating Manufacturing Company",20.554603523156466,20.554603523156466
ASIANPAINT,"Asian Paints
Indian Multi-National Paint and Coating Manufacturing Company",20.554603523156466,20.554603523156466
ASIANPAINT,"Asian Paints
Indian Multi-National Paint and Coating Manufacturing Company",19.906451050961635,19.906451050961635
ASIANPAINT,"Asian Paints
Indian Multi-National Paint and Coating Manufacturing Company",19.906451050961635,19.906451050961635
ASIANPAINT,"Asian Paints
Indian Multi-National Paint and Coating Manufacturing Company",16.468330216921398,16.468330216921398
ASIANPAINT,"Asian Paints
Indian Multi-National Paint and Coating Manufacturing Company",16.468330216921398,16.468330216921398
ASIANPAINT,"Asian Paints
Indian Multi-National Paint and Coating Manufacturing Company",19.197582187974152,19.197582187974152
ASIANPAINT,"Asian Paints
Indian Multi-National Paint and Coating Manufacturing Company",19.197582187974152,19.197582187974152
ASIANPAINT,"Asian Paints
Indian Multi-National Paint and Coating Manufacturing Company",22.668015854854143,22.668015854854143
ASIANPAINT,"Asian Paints
Indian Multi-National Paint and Coating Manufacturing Company",22.668015854854143,22.668015854854143
BAJAJ-AUTO,Bajaj Auto Ltd,27.246156191926865,27.246156191926865
BAJAJ-AUTO,Bajaj Auto Ltd,27.246156191926865,27.246156191926865
BAJAJ-AUTO,Bajaj Auto Ltd,25.014917120371273,25.014917120371273
BAJAJ-AUTO,Bajaj Auto Ltd,25.014917120371273,25.014917120371273
BAJAJ-AUTO,Bajaj Auto Ltd,20.643024768410143,20.643024768410143
BAJAJ-AUTO,Bajaj Auto Ltd,20.643024768410143,20.643024768410143
BAJAJ-AUTO,Bajaj Auto Ltd,23.47774294262762,23.47774294262762
BAJAJ-AUTO,Bajaj Auto Ltd,23.47774294262762,23.47774294262762
BAJAJ-AUTO,Bajaj Auto Ltd,20.79678735844518,20.79678735844518
BAJAJ-AUTO,Bajaj Auto Ltd,20.79678735844518,20.79678735844518
BAJAJ-AUTO,Bajaj Auto Ltd,18.69574060146908,18.69574060146908
BAJAJ-AUTO,Bajaj Auto Ltd,18.69574060146908,18.69574060146908
BAJAJ-AUTO,Bajaj Auto Ltd,18.722080808865567,18.722080808865567
BAJAJ-AUTO,Bajaj Auto Ltd,18.722080808865567,18.722080808865567
BAJAJ-AUTO,Bajaj Auto Ltd,20.740467609574438,20.740467609574438
BAJAJ-AUTO,Bajaj Auto Ltd,20.740467609574438,20.740467609574438
BAJAJ-AUTO,Bajaj Auto Ltd,17.658601504176374,17.658601504176374
BAJAJ-AUTO,Bajaj Auto Ltd,17.658601504176374,17.658601504176374
BAJAJ-AUTO,Bajaj Auto Ltd,19.6267488624099,19.6267488624099
BAJAJ-AUTO,Bajaj Auto Ltd,19.6267488624099,19.6267488624099
BAJAJ-AUTO,Bajaj Auto Ltd,18.63107758934344,18.63107758934344
BAJAJ-AUTO,Bajaj Auto Ltd,18.63107758934344,18.63107758934344
BAJAJ-AUTO,Bajaj Auto Ltd,21.89634990768242,21.89634990768242
BAJAJ-AUTO,Bajaj Auto Ltd,21.89634990768242,21.89634990768242
AXISBANK,Axis Bank Ltd,17.335752829555684,17.335752829555684
AXISBANK,Axis Bank Ltd,18.24373331223014,18.24373331223014
AXISBANK,Axis Bank Ltd,18.55434605875447,18.55434605875447
AXISBANK,Axis Bank Ltd,17.709719064373697,17.709719064373697
AXISBANK,Axis Bank Ltd,7.392491868960613,7.392491868960613
AXISBANK,Axis Bank Ltd,0.5163715138991491,0.5163715138991491
AXISBANK,Axis Bank Ltd,7.7019140418121435,7.7019140418121435
AXISBANK,Axis Bank Ltd,2.240999838773082,2.240999838773082
AXISBANK,Axis Bank Ltd,8.379733462306028,8.379733462306028
AXISBANK,Axis Bank Ltd,15.172648621787946,15.172648621787946
AXISBANK,Axis Bank Ltd,9.315275271295727,9.315275271295727
AXISBANK,Axis Bank Ltd,19.28200826122174,19.28200826122174
BAJAJFINSV,Bajaj Finserv Ltd,27.931686331681174,27.931686331681174
BAJAJFINSV,Bajaj Finserv Ltd,29.95300036144379,29.95300036144379
BAJAJFINSV,Bajaj Finserv Ltd,21.488494083817887,21.488494083817887
BAJAJFINSV,Bajaj Finserv Ltd,16.960370992812127,16.960370992812127
BAJAJFINSV,Bajaj Finserv Ltd,17.719258462030044,17.719258462030044
BAJAJFINSV,Bajaj Finserv Ltd,16.54766260965298,16.54766260965298
BAJAJFINSV,Bajaj Finserv Ltd,17.625221379322824,17.625221379322824
BAJAJFINSV,Bajaj Finserv Ltd,15.08862605828075,15.08862605828075
BAJAJFINSV,Bajaj Finserv Ltd,16.359676579490582,16.359676579490582
BAJAJFINSV,Bajaj Finserv Ltd,16.40567246717938,16.40567246717938
BAJAJFINSV,Bajaj Finserv Ltd,20.593933449849683,20.593933449849683
BAJAJFINSV,Bajaj Finserv Ltd,19.9892803608842,19.9892803608842
BAJAJHLDNG,Bajaj Holdings & Investment Ltd,284.341437039353,284.341437039353
BAJAJHLDNG,Bajaj Holdings & Investment Ltd,243.2722033376698,243.2722033376698
BAJAJHLDNG,Bajaj Holdings & Investment Ltd,201.18172276391394,201.18172276391394
BAJAJHLDNG,Bajaj Holdings & Investment Ltd,248.36279566092676,248.36279566092676
BAJAJHLDNG,Bajaj Holdings & Investment Ltd,153.79234322013903,153.79234322013903
BAJAJHLDNG,Bajaj Holdings & Investment Ltd,321.33907668063057,321.33907668063057
BAJAJHLDNG,Bajaj Holdings & Investment Ltd,359.25078458636443,359.25078458636443
BAJAJHLDNG,Bajaj Holdings & Investment Ltd,359.5699394836674,359.5699394836674
BAJAJHLDNG,Bajaj Holdings & Investment Ltd,404.6968325999647,404.6968325999647
BAJAJHLDNG,Bajaj Holdings & Investment Ltd,431.0550375182151,431.0550375182151
BAJAJHLDNG,Bajaj Holdings & Investment Ltd,479.3520913407464,479.3520913407464
BAJAJHLDNG,Bajaj Holdings & Investment Ltd,223.15149606089759,223.15149606089759
BAJFINANCE,Bajaj Finance Ltd,17.68131800197824,17.68131800197824
BAJFINANCE,Bajaj Finance Ltd,17.37194946739487,17.37194946739487
BAJFINANCE,Bajaj Finance Ltd,18.770122868605817,18.770122868605817
BAJFINANCE,Bajaj Finance Ltd,17.66611777839578,17.66611777839578
BAJFINANCE,Bajaj Finance Ltd,20.946028167051047,20.946028167051047
BAJFINANCE,Bajaj Finance Ltd,18.121074411562972,18.121074411562972
BAJFINANCE,Bajaj Finance Ltd,14.271771960741479,14.271771960741479
BAJFINANCE,Bajaj Finance Ltd,19.144642210582,19.144642210582
BAJFINANCE,Bajaj Finance Ltd,24.47751168994624,24.47751168994624
BAJFINANCE,Bajaj Finance Ltd,22.564924875871647,22.564924875871647
BANKBARODA,Bank of Baroda,13.880269033992938,13.880269033992938
BANKBARODA,Bank of Baroda,12.876072416569865,12.876072416569865
BANKBARODA,Bank of Baroda,9.097561210693211,9.097561210693211
BANKBARODA,Bank of Baroda,-11.415419990181963,-11.415419990181963
BANKBARODA,Bank of Baroda,4.239156145738255,4.239156145738255
BANKBARODA,Bank of Baroda,-3.964621077085431,-3.964621077085431
BANKBARODA,Bank of Baroda,2.1620315062238937,2.1620315062238937
BANKBARODA,Bank of Baroda,1.2662251745565807,1.2662251745565807
BANKBARODA,Bank of Baroda,2.0730986090150374,2.0730986090150374
BANKBARODA,Bank of Baroda,9.722616403782864,9.722616403782864
BANKBARODA,Bank of Baroda,15.0803987214696,15.0803987214696
BANKBARODA,Bank of Baroda,15.850673150233316,15.850673150233316
BHARTIARTL,Bharti Airtel Ltd,3.725585807461549,3.725585807461549
BHARTIARTL,Bharti Airtel Ltd,4.284118836272259,4.284118836272259
BHARTIARTL,Bharti Airtel Ltd,8.971778939583265,8.971778939583265
BHARTIARTL,Bharti Airtel Ltd,8.73206793941276,8.73206793941276
BHARTIARTL,Bharti Airtel Ltd,5.3646471094600745,5.3646471094600745
BHARTIARTL,Bharti Airtel Ltd,2.89184214448815,2.89184214448815
BHARTIARTL,Bharti Airtel Ltd,2.226505244532124,2.226505244532124
BHARTIARTL,Bharti Airtel Ltd,-37.388742012632974,-37.388742012632974
BHARTIARTL,Bharti Airtel Ltd,-16.630471634072233,-16.630471634072233
BHARTIARTL,Bharti Airtel Ltd,9.802234680571658,9.802234680571658
BHARTIARTL,Bharti Airtel Ltd,12.335836456727773,12.335836456727773
BHARTIARTL,Bharti Airtel Ltd,8.032205096450902,8.032205096450902
BEL,Bharat Electronics Ltd,7598.927945161805,7598.927945161805
BEL,Bharat Electronics Ltd,6807.302853636084,6807.302853636084
BEL,Bharat Electronics Ltd,8558.437896517693,8558.437896517693
BEL,Bharat Electronics Ltd,5579.92362433143,5579.92362433143
BEL,Bharat Electronics Ltd,5085.464032655576,5085.464032655576
BEL,Bharat Electronics Ltd,2314.9436623649713,2314.9436623649713
BEL,Bharat Electronics Ltd,1933.2666986557858,1933.2666986557858
BEL,Bharat Electronics Ltd,1666.1274606023217,1666.1274606023217
BEL,Bharat Electronics Ltd,1787.1030752098372,1787.1030752098372
BEL,Bharat Electronics Ltd,1746.938867890365,1746.938867890365
BEL,Bharat Electronics Ltd,1999.085523100635,1999.085523100635
BEL,Bharat Electronics Ltd,2381.85457723646,2381.85457723646
BHEL,"Bharat Heavy Electricals Limited
",17.797670521005987,17.797670521005987
BHEL,"Bharat Heavy Electricals Limited
",9.704783490716192,9.704783490716192
BHEL,"Bharat Heavy Electricals Limited
",4.434042346030472,4.434042346030472
BHEL,"Bharat Heavy Electricals Limited
",-2.476414308122756,-2.476414308122756
BHEL,"Bharat Heavy Electricals Limited
",1.5016260836365842,1.5016260836365842
BHEL,"Bharat Heavy Electricals Limited
",1.4369891197982767,1.4369891197982767
BHEL,"Bharat Heavy Electricals Limited
",3.2669560081352396,3.2669560081352396
BHEL,"Bharat Heavy Electricals Limited
",-5.980899504133747,-5.980899504133747
BHEL,"Bharat Heavy Electricals Limited
",-12.995115595153301,-12.995115595153301
BHEL,"Bharat Heavy Electricals Limited
",1.8884165990289978,1.8884165990289978
BHEL,"Bharat Heavy Electricals Limited
",2.740902579788827,2.740902579788827
BHEL,"Bharat Heavy Electricals Limited
",1.1671012928794406,1.1671012928794406
BOSCHLTD,Bosch Ltd,14.126828270375494,14.126828270375494
BOSCHLTD,Bosch Ltd,12.08360561993004,12.08360561993004
BOSCHLTD,Bosch Ltd,14.641087586060618,14.641087586060618
BOSCHLTD,Bosch Ltd,15.919255806290302,15.919255806290302
BOSCHLTD,Bosch Ltd,18.235287550916865,18.235287550916865
BOSCHLTD,Bosch Ltd,12.73203560674606,12.73203560674606
BOSCHLTD,Bosch Ltd,15.365747506602347,15.365747506602347
BOSCHLTD,Bosch Ltd,6.808107472389537,6.808107472389537
BOSCHLTD,Bosch Ltd,4.933359776544529,4.933359776544529
BOSCHLTD,Bosch Ltd,10.857958851012963,10.857958851012963
BOSCHLTD,Bosch Ltd,11.234327790118543,11.234327790118543
BOSCHLTD,Bosch Ltd,17.76301634898643,17.76301634898643
BPCL,Bharat Petroleum Corporation Ltd,6.170192853319774,6.170192853319774
BPCL,Bharat Petroleum Corporation Ltd,11.190774190251508,11.190774190251508
BPCL,Bharat Petroleum Corporation Ltd,12.309711209154433,12.309711209154433
BPCL,Bharat Petroleum Corporation Ltd,16.705150678705976,16.705150678705976
BPCL,Bharat Petroleum Corporation Ltd,17.785902639517413,17.785902639517413
BPCL,Bharat Petroleum Corporation Ltd,15.445608106324908,15.445608106324908
BPCL,Bharat Petroleum Corporation Ltd,12.429401200255773,12.429401200255773
BPCL,Bharat Petroleum Corporation Ltd,5.661644100150616,5.661644100150616
BPCL,Bharat Petroleum Corporation Ltd,19.932712336689896,19.932712336689896
BPCL,Bharat Petroleum Corporation Ltd,12.93755089744039,12.93755089744039
BPCL,Bharat Petroleum Corporation Ltd,2.2159453984329853,2.2159453984329853
BPCL,Bharat Petroleum Corporation Ltd,20.752769655434292,20.752769655434292
BRITANNIA,Britannia Industries Ltd,25.399350376532425,25.399350376532425
BRITANNIA,Britannia Industries Ltd,27.606309640729915,27.606309640729915
BRITANNIA,Britannia Industries Ltd,32.05474992359358,32.05474992359358
BRITANNIA,Britannia Industries Ltd,24.630441970192848,24.630441970192848
BRITANNIA,Britannia Industries Ltd,21.300547358775145,21.300547358775145
BRITANNIA,Britannia Industries Ltd,19.802242917984863,19.802242917984863
BRITANNIA,Britannia Industries Ltd,18.80253096146355,18.80253096146355
BRITANNIA,Britannia Industries Ltd,21.838736519771004,21.838736519771004
BRITANNIA,Britannia Industries Ltd,33.13064212807271,33.13064212807271
BRITANNIA,Britannia Industries Ltd,34.994721222587856,34.994721222587856
BRITANNIA,Britannia Industries Ltd,39.87126103588799,39.87126103588799
BRITANNIA,Britannia Industries Ltd,33.43727821251103,33.43727821251103
CANBK,Canara Bank,10.343487687595093,10.343487687595093
CANBK,Canara Bank,7.803654664097158,7.803654664097158
CANBK,Canara Bank,7.855238640139701,7.855238640139701
CANBK,Canara Bank,-6.788960738489914,-6.788960738489914
CANBK,Canara Bank,3.735783742732452,3.735783742732452
CANBK,Canara Bank,-9.932152794908017,-9.932152794908017
CANBK,Canara Bank,1.6490871949359711,1.6490871949359711
CANBK,Canara Bank,-4.261275283379992,-4.261275283379992
CANBK,Canara Bank,4.473547837458385,4.473547837458385
CANBK,Canara Bank,8.761348575325739,8.761348575325739
CANBK,Canara Bank,13.87216679930376,13.87216679930376
CANBK,Canara Bank,15.325606132416759,15.325606132416759
CHOLAFIN,Cholamandalam Investment & Finance Company Ltd,13.881562161127768,13.881562161127768
CHOLAFIN,Cholamandalam Investment & Finance Company Ltd,13.656941331281878,13.656941331281878
CHOLAFIN,Cholamandalam Investment & Finance Company Ltd,14.274839310197356,14.274839310197356
CHOLAFIN,Cholamandalam Investment & Finance Company Ltd,14.656283906376695,14.656283906376695
CHOLAFIN,Cholamandalam Investment & Finance Company Ltd,16.00078355129158,16.00078355129158
CHOLAFIN,Cholamandalam Investment & Finance Company Ltd,17.212978294920564,17.212978294920564
CHOLAFIN,Cholamandalam Investment & Finance Company Ltd,18.06087612186646,18.06087612186646
CHOLAFIN,Cholamandalam Investment & Finance Company Ltd,12.475956908329415,12.475956908329415
CHOLAFIN,Cholamandalam Investment & Finance Company Ltd,15.857803206198476,15.857803206198476
CHOLAFIN,Cholamandalam Investment & Finance Company Ltd,19.764088482556055,19.764088482556055
CHOLAFIN,Cholamandalam Investment & Finance Company Ltd,19.63058836447849,19.63058836447849
CHOLAFIN,Cholamandalam Investment & Finance Company Ltd,17.651053022841467,17.651053022841467
CIPLA,"Cipla Ltd
",17.89608819410529,17.89608819410529
CIPLA,"Cipla Ltd
",13.884998950061263,13.884998950061263
CIPLA,"Cipla Ltd
",11.105244372665265,11.105244372665265
CIPLA,"Cipla Ltd
",11.018671015252982,11.018671015252982
CIPLA,"Cipla Ltd
",7.7207263363348675,7.7207263363348675
CIPLA,"Cipla Ltd
",9.65398397672012,9.65398397672012
CIPLA,"Cipla Ltd
",9.528702670426913,9.528702670426913
CIPLA,"Cipla Ltd
",9.13575013165256,9.13575013165256
CIPLA,"Cipla Ltd
",12.752404150120856,12.752404150120856
CIPLA,"Cipla Ltd
",11.96222617811792,11.96222617811792
CIPLA,"Cipla Ltd
",12.277161167558408,12.277161167558408
CIPLA,"Cipla Ltd
",15.835787088724043,15.835787088724043
COALINDIA,Coal India Ltd,30.608271369723617,30.608271369723617
COALINDIA,Coal India Ltd,28.520410631279884,28.520410631279884
COALINDIA,Coal India Ltd,26.268632485477024,26.268632485477024
COALINDIA,Coal India Ltd,29.640983029760577,29.640983029760577
COALINDIA,Coal India Ltd,24.86110815363669,24.86110815363669
COALINDIA,Coal India Ltd,21.567935687244397,21.567935687244397
COALINDIA,Coal India Ltd,41.7752937721608,41.7752937721608
COALINDIA,Coal India Ltd,34.657027020609775,34.657027020609775
COALINDIA,Coal India Ltd,24.446052070465328,24.446052070465328
COALINDIA,Coal India Ltd,28.059609434798432,28.059609434798432
COALINDIA,Coal India Ltd,37.54244615531495,37.54244615531495
COALINDIA,Coal India Ltd,35.71305901731147,35.71305901731147
DABUR,Dabur India Ltd,24.519407927981156,24.519407927981156
DABUR,Dabur India Ltd,23.733066297493746,23.733066297493746
DABUR,Dabur India Ltd,22.77183323560697,22.77183323560697
DABUR,Dabur India Ltd,23.091492303017716,23.091492303017716
DABUR,Dabur India Ltd,21.609612427651516,21.609612427651516
DABUR,Dabur India Ltd,20.692813437292934,20.692813437292934
DABUR,Dabur India Ltd,21.32825636910799,21.32825636910799
DABUR,Dabur India Ltd,19.295945435065313,19.295945435065313
DABUR,Dabur India Ltd,19.921402688268063,19.921402688268063
DABUR,Dabur India Ltd,18.390212692452256,18.390212692452256
DABUR,Dabur India Ltd,16.85484467278679,16.85484467278679
DABUR,Dabur India Ltd,16.478049494310508,16.478049494310508
DIVISLAB,Divis Laboratories Ltd,26.067819958263783,26.067819958263783
DIVISLAB,Divis Laboratories Ltd,28.30442402031327,28.30442402031327
DIVISLAB,Divis Laboratories Ltd,25.8611171308829,25.8611171308829
DIVISLAB,Divis Laboratories Ltd,28.024329860987734,28.024329860987734
DIVISLAB,Divis Laboratories Ltd,22.93493574526817,22.93493574526817
DIVISLAB,Divis Laboratories Ltd,18.6704403866111,18.6704403866111
DIVISLAB,Divis Laboratories Ltd,23.40173834288278,23.40173834288278
DIVISLAB,Divis Laboratories Ltd,22.182787076079364,22.182787076079364
DIVISLAB,Divis Laboratories Ltd,24.90687144351173,24.90687144351173
DIVISLAB,Divis Laboratories Ltd,29.137229584876245,29.137229584876245
DIVISLAB,Divis Laboratories Ltd,18.8854019434943,18.8854019434943
DIVISLAB,Divis Laboratories Ltd,16.092501072775484,16.092501072775484
DLF,DLF Ltd,5.586695459687922,5.586695459687922
DLF,DLF Ltd,4.631912350893798,4.631912350893798
DLF,DLF Ltd,4.240389120221802,4.240389120221802
DLF,DLF Ltd,2.1699642123829848,2.1699642123829848
DLF,DLF Ltd,5.746651035917779,5.746651035917779
DLF,DLF Ltd,39.714962082414615,39.714962082414615
DLF,DLF Ltd,9.809970220523967,9.809970220523967
DLF,DLF Ltd,-5.705968873381075,-5.705968873381075
DLF,DLF Ltd,11.533931716859014,11.533931716859014
DLF,DLF Ltd,15.181361401598913,15.181361401598913
DLF,DLF Ltd,20.556313237916687,20.556313237916687
DLF,DLF Ltd,24.64598196729842,24.64598196729842
DMART,Avenue Supermarts Ltd,7.363671919603923,7.363671919603923
DMART,Avenue Supermarts Ltd,10.138385147961435,10.138385147961435
DMART,Avenue Supermarts Ltd,10.479551690221049,10.479551690221049
DMART,Avenue Supermarts Ltd,12.383328033195408,12.383328033195408
DMART,Avenue Supermarts Ltd,8.246675782849344,8.246675782849344
DMART,Avenue Supermarts Ltd,11.312167561342914,11.312167561342914
DMART,Avenue Supermarts Ltd,10.326747112219618,10.326747112219618
DMART,Avenue Supermarts Ltd,8.486539754013288,8.486539754013288
DMART,Avenue Supermarts Ltd,6.786035167348935,6.786035167348935
DMART,Avenue Supermarts Ltd,7.862329860401996,7.862329860401996
DMART,Avenue Supermarts Ltd,10.170641918499786,10.170641918499786
DMART,Avenue Supermarts Ltd,9.27807754970032,9.27807754970032
DRREDDY,Dr Reddys Laboratories Ltd,18.440047610292062,18.440047610292062
DRREDDY,Dr Reddys Laboratories Ltd,19.79577566742545,19.79577566742545
DRREDDY,Dr Reddys Laboratories Ltd,19.629002976923257,19.629002976923257
DRREDDY,Dr Reddys Laboratories Ltd,15.321373346976692,15.321373346976692
DRREDDY,Dr Reddys Laboratories Ltd,9.818886223162098,9.818886223162098
DRREDDY,Dr Reddys Laboratories Ltd,7.081900223064703,7.081900223064703
DRREDDY,Dr Reddys Laboratories Ltd,13.263864004090937,13.263864004090937
DRREDDY,Dr Reddys Laboratories Ltd,12.27695972814525,12.27695972814525
DRREDDY,Dr Reddys Laboratories Ltd,10.656463703105054,10.656463703105054
DRREDDY,Dr Reddys Laboratories Ltd,10.742562364446256,10.742562364446256
DRREDDY,Dr Reddys Laboratories Ltd,18.81206502836497,18.81206502836497
DRREDDY,Dr Reddys Laboratories Ltd,19.82797136873973,19.82797136873973
EICHERMOT,Eicher Motors Ltd,17.249508446691546,17.249508446691546
EICHERMOT,Eicher Motors Ltd,16.62834817839802,16.62834817839802
EICHERMOT,Eicher Motors Ltd,17.96765293560899,17.96765293560899
EICHERMOT,Eicher Motors Ltd,29.151232979522057,29.151232979522057
EICHERMOT,Eicher Motors Ltd,27.44528566851155,27.44528566851155
EICHERMOT,Eicher Motors Ltd,24.871655933974303,24.871655933974303
EICHERMOT,Eicher Motors Ltd,23.594661811952403,23.594661811952403
EICHERMOT,Eicher Motors Ltd,19.13163358644479,19.13163358644479
EICHERMOT,Eicher Motors Ltd,13.61189103278786,13.61189103278786
EICHERMOT,Eicher Motors Ltd,14.792897079468393,14.792897079468393
EICHERMOT,Eicher Motors Ltd,19.808443592409247,19.808443592409247
EICHERMOT,Eicher Motors Ltd,23.18402057668279,23.18402057668279
GAIL,GAIL (India) Ltd,11.866733373605715,11.866733373605715
GAIL,GAIL (India) Ltd,11.24742141356072,11.24742141356072
GAIL,GAIL (India) Ltd,7.253165923736139,7.253165923736139
GAIL,GAIL (India) Ltd,4.374052055779275,4.374052055779275
GAIL,GAIL (India) Ltd,7.766699943819129,7.766699943819129
GAIL,GAIL (India) Ltd,10.172874215315648,10.172874215315648
GAIL,GAIL (India) Ltd,11.42263989233621,11.42263989233621
GAIL,GAIL (India) Ltd,16.216809412337227,16.216809412337227
GAIL,GAIL (India) Ltd,11.129107176428008,11.129107176428008
GAIL,GAIL (India) Ltd,16.226862313060323,16.226862313060323
GAIL,GAIL (India) Ltd,6.230261451216839,6.230261451216839
GAIL,GAIL (India) Ltd,10.147331113256941,10.147331113256941
GODREJCP,Godrej Consumer Products Ltd,19.341999766887433,19.341999766887433
GODREJCP,Godrej Consumer Products Ltd,16.236549075383742,16.236549075383742
GODREJCP,Godrej Consumer Products Ltd,17.218586014379458,17.218586014379458
GODREJCP,Godrej Consumer Products Ltd,14.669856688546636,14.669856688546636
GODREJCP,Godrej Consumer Products Ltd,19.391506564163294,19.391506564163294
GODREJCP,Godrej Consumer Products Ltd,21.352232461226922,21.352232461226922
GODREJCP,Godrej Consumer Products Ltd,27.46743982449103,27.46743982449103
GODREJCP,Godrej Consumer Products Ltd,17.029297516700865,17.029297516700865
GODREJCP,Godrej Consumer Products Ltd,16.918589772635265,16.918589772635265
GODREJCP,Godrej Consumer Products Ltd,14.976744634567968,14.976744634567968
GODREJCP,Godrej Consumer Products Ltd,12.560157042781105,12.560157042781105
GODREJCP,Godrej Consumer Products Ltd,-4.2164701160607985,-4.2164701160607985
GRASIM,Grasim Industries Ltd,16.378234166600357,16.378234166600357
GRASIM,Grasim Industries Ltd,12.046588185778095,12.046588185778095
GRASIM,Grasim Industries Ltd,9.647275682219949,9.647275682219949
GRASIM,Grasim Industries Ltd,11.30721255238721,11.30721255238721
GRASIM,Grasim Industries Ltd,12.650050882708182,12.650050882708182
GRASIM,Grasim Industries Ltd,6.513829648111836,6.513829648111836
GRASIM,Grasim Industries Ltd,4.143413339691691,4.143413339691691
GRASIM,Grasim Industries Ltd,10.725017292482264,10.725017292482264
GRASIM,Grasim Industries Ltd,9.90648099009272,9.90648099009272
GRASIM,Grasim Industries Ltd,13.256376244674403,13.256376244674403
GRASIM,Grasim Industries Ltd,11.743318272315175,11.743318272315175
GRASIM,Grasim Industries Ltd,9.3874172764921,9.3874172764921
HAL,Hindustan Aeronautics Ltd,990.7455546945358,990.7455546945358
HAL,Hindustan Aeronautics Ltd,769.5955297469959,769.5955297469959
HAL,Hindustan Aeronautics Ltd,887.81754215607,887.81754215607
HAL,Hindustan Aeronautics Ltd,1036.3363981334116,1036.3363981334116
HAL,Hindustan Aeronautics Ltd,1131.7303933708204,1131.7303933708204
HAL,Hindustan Aeronautics Ltd,1672.4205040803217,1672.4205040803217
HAL,Hindustan Aeronautics Ltd,1652.3153078642858,1652.3153078642858
HAL,Hindustan Aeronautics Ltd,1920.7910458450708,1920.7910458450708
HAVELLS,Havells India Ltd,24.217109694450304,24.217109694450304
HAVELLS,Havells India Ltd,16.15519639727708,16.15519639727708
HAVELLS,Havells India Ltd,12.861822908790641,12.861822908790641
HAVELLS,Havells India Ltd,30.032795003862613,30.032795003862613
HAVELLS,Havells India Ltd,11.569046324348118,11.569046324348118
HAVELLS,Havells India Ltd,12.932792868024897,12.932792868024897
HAVELLS,Havells India Ltd,13.296868070328147,13.296868070328147
HAVELLS,Havells India Ltd,12.415735747303543,12.415735747303543
HAVELLS,Havells India Ltd,15.07493116073147,15.07493116073147
HAVELLS,Havells India Ltd,14.252114866659078,14.252114866659078
HAVELLS,Havells India Ltd,11.25887962696272,11.25887962696272
HAVELLS,Havells India Ltd,11.952142278809703,11.952142278809703
HCLTECH,HCL Technologies Ltd,23.24136564865168,23.24136564865168
HCLTECH,HCL Technologies Ltd,26.84995779860195,26.84995779860195
HCLTECH,HCL Technologies Ltd,25.156844587434527,25.156844587434527
HCLTECH,HCL Technologies Ltd,22.10557423102499,22.10557423102499
HCLTECH,HCL Technologies Ltd,20.609239459795546,20.609239459795546
HCLTECH,HCL Technologies Ltd,20.60600826168813,20.60600826168813
HCLTECH,HCL Technologies Ltd,18.60605594823693,18.60605594823693
HCLTECH,HCL Technologies Ltd,16.729577538793034,16.729577538793034
HCLTECH,HCL Technologies Ltd,18.815038609606617,18.815038609606617
HCLTECH,HCL Technologies Ltd,18.66450009609192,18.66450009609192
HCLTECH,HCL Technologies Ltd,18.653527077432223,18.653527077432223
HDFCBANK,HDFC Bank Ltd,19.04392341230704,19.04392341230704
HDFCBANK,HDFC Bank Ltd,20.22792498953001,20.22792498953001
HDFCBANK,HDFC Bank Ltd,19.03604091046607,19.03604091046607
HDFCBANK,HDFC Bank Ltd,18.776694193091274,18.776694193091274
HDFCBANK,HDFC Bank Ltd,18.795431436141477,18.795431436141477
HDFCBANK,HDFC Bank Ltd,19.34905341250669,19.34905341250669
HDFCBANK,HDFC Bank Ltd,17.975377094776697,17.975377094776697
HDFCBANK,HDFC Bank Ltd,18.908385573527763,18.908385573527763
HDFCBANK,HDFC Bank Ltd,19.982574540346803,19.982574540346803
HDFCBANK,HDFC Bank Ltd,21.745370369160796,21.745370369160796
HDFCBANK,HDFC Bank Ltd,21.485473495530485,21.485473495530485
HDFCBANK,HDFC Bank Ltd,18.706311190114516,18.706311190114516
HDFCLIFE,HDFC Life Insurance Company Ltd,18.30614547547587,18.30614547547587
HDFCLIFE,HDFC Life Insurance Company Ltd,20.91359971438282,20.91359971438282
HDFCLIFE,HDFC Life Insurance Company Ltd,16.910408416429494,16.910408416429494
HDFCLIFE,HDFC Life Insurance Company Ltd,15.416484645476727,15.416484645476727
HDFCLIFE,HDFC Life Insurance Company Ltd,13.038864420273887,13.038864420273887
HDFCLIFE,HDFC Life Insurance Company Ltd,13.479827820320153,13.479827820320153
HDFCLIFE,HDFC Life Insurance Company Ltd,12.970346990836735,12.970346990836735
HDFCLIFE,HDFC Life Insurance Company Ltd,11.734241410280912,11.734241410280912
HDFCLIFE,HDFC Life Insurance Company Ltd,8.827533092453821,8.827533092453821
HDFCLIFE,HDFC Life Insurance Company Ltd,5.2378312224723995,5.2378312224723995
HDFCLIFE,HDFC Life Insurance Company Ltd,6.238634949733712,6.238634949733712
HDFCLIFE,HDFC Life Insurance Company Ltd,6.141659993415514,6.141659993415514
HEROMOTOCO,"Hero MotoCorp Ltd
",22.84934931474921,22.84934931474921
HEROMOTOCO,"Hero MotoCorp Ltd
",22.365645203525272,22.365645203525272
HEROMOTOCO,"Hero MotoCorp Ltd
",23.08166393410363,23.08166393410363
HEROMOTOCO,"Hero MotoCorp Ltd
",23.384028014293925,23.384028014293925
HEROMOTOCO,"Hero MotoCorp Ltd
",21.278167450384416,21.278167450384416
HEROMOTOCO,"Hero MotoCorp Ltd
",18.31025148961345,18.31025148961345
HEROMOTOCO,"Hero MotoCorp Ltd
",18.95341525171619,18.95341525171619
HEROMOTOCO,"Hero MotoCorp Ltd
",14.264329173795705,14.264329173795705
HEROMOTOCO,"Hero MotoCorp Ltd
",11.289039004428444,11.289039004428444
HEROMOTOCO,"Hero MotoCorp Ltd
",12.503980063488655,12.503980063488655
HEROMOTOCO,"Hero MotoCorp Ltd
",15.522394981147837,15.522394981147837
HINDALCO,Hindalco Industries Ltd,6.1304420697577715,6.1304420697577715
HINDALCO,Hindalco Industries Ltd,3.954432335938515,3.954432335938515
HINDALCO,Hindalco Industries Ltd,0.4620479762852456,0.4620479762852456
HINDALCO,Hindalco Industries Ltd,-1.2197510632672364,-1.2197510632672364
HINDALCO,Hindalco Industries Ltd,2.9823035036059498,2.9823035036059498
HINDALCO,Hindalco Industries Ltd,8.18550151923944,8.18550151923944
HINDALCO,Hindalco Industries Ltd,6.882864385091114,6.882864385091114
HINDALCO,Hindalco Industries Ltd,4.824002402397636,4.824002402397636
HINDALCO,Hindalco Industries Ltd,3.9367363116439167,3.9367363116439167
HINDALCO,Hindalco Industries Ltd,12.299230801355934,12.299230801355934
HINDALCO,Hindalco Industries Ltd,7.586937402598928,7.586937402598928
HINDALCO,Hindalco Industries Ltd,7.134613802688374,7.134613802688374
HINDUNILVR,"Hindustan Unilever Ltd
",74.10646099097723,74.10646099097723
HINDUNILVR,"Hindustan Unilever Ltd
",62.689192944981066,62.689192944981066
HINDUNILVR,"Hindustan Unilever Ltd
",61.17673861077412,61.17673861077412
HINDUNILVR,"Hindustan Unilever Ltd
",38.0246006853005,38.0246006853005
HINDUNILVR,"Hindustan Unilever Ltd
",40.05864610289057,40.05864610289057
HINDUNILVR,"Hindustan Unilever Ltd
",43.24744623949605,43.24744623949605
HINDUNILVR,"Hindustan Unilever Ltd
",46.22327949812543,46.22327949812543
HINDUNILVR,"Hindustan Unilever Ltd
",49.541009337669244,49.541009337669244
HINDUNILVR,"Hindustan Unilever Ltd
",16.893776736532494,16.893776736532494
HINDUNILVR,"Hindustan Unilever Ltd
",17.539478816358375,17.539478816358375
HINDUNILVR,"Hindustan Unilever Ltd
",18.453278021428986,18.453278021428986
HINDUNILVR,"Hindustan Unilever Ltd
",18.343354728497147,18.343354728497147
ICICIBANK,ICICI Bank Ltd,18.650273356272578,18.650273356272578
ICICIBANK,ICICI Bank Ltd,19.438971629849473,19.438971629849473
ICICIBANK,ICICI Bank Ltd,19.412615191872067,19.412615191872067
ICICIBANK,ICICI Bank Ltd,15.019633148236455,15.019633148236455
ICICIBANK,ICICI Bank Ltd,14.72322595016179,14.72322595016179
ICICIBANK,ICICI Bank Ltd,11.432392772593623,11.432392772593623
ICICIBANK,ICICI Bank Ltd,6.441332527394678,6.441332527394678
ICICIBANK,ICICI Bank Ltd,11.18019811457265,11.18019811457265
ICICIBANK,ICICI Bank Ltd,17.88072787380993,17.88072787380993
ICICIBANK,ICICI Bank Ltd,21.196321398763235,21.196321398763235
ICICIBANK,ICICI Bank Ltd,22.91124090010627,22.91124090010627
ICICIBANK,ICICI Bank Ltd,23.439141165745227,23.439141165745227
ICICIGI,ICICI Lombard General Insurance Company Ltd,13.837804767515635,13.837804767515635
ICICIGI,ICICI Lombard General Insurance Company Ltd,16.834749250577424,16.834749250577424
ICICIGI,ICICI Lombard General Insurance Company Ltd,17.04349602318426,17.04349602318426
ICICIGI,ICICI Lombard General Insurance Company Ltd,12.033214908365437,12.033214908365437
ICICIGI,ICICI Lombard General Insurance Company Ltd,13.665246090745963,13.665246090745963
ICICIGI,ICICI Lombard General Insurance Company Ltd,15.726833882853345,15.726833882853345
ICICIGI,ICICI Lombard General Insurance Company Ltd,14.411520698338759,14.411520698338759
ICICIGI,ICICI Lombard General Insurance Company Ltd,14.916279330091957,14.916279330091957
ICICIGI,ICICI Lombard General Insurance Company Ltd,15.748310119919244,15.748310119919244
ICICIGI,ICICI Lombard General Insurance Company Ltd,10.878299661233894,10.878299661233894
ICICIGI,ICICI Lombard General Insurance Company Ltd,13.113572978462892,13.113572978462892
ICICIGI,ICICI Lombard General Insurance Company Ltd,12.544989961460157,12.544989961460157
ICICIPRULI,ICICI Prudential Life Insurance Company Ltd,22.906730131894584,22.906730131894584
ICICIPRULI,ICICI Prudential Life Insurance Company Ltd,21.373318675924924,21.373318675924924
ICICIPRULI,ICICI Prudential Life Insurance Company Ltd,17.954602894472668,17.954602894472668
ICICIPRULI,ICICI Prudential Life Insurance Company Ltd,19.455803201801,19.455803201801
ICICIPRULI,ICICI Prudential Life Insurance Company Ltd,15.35224358299064,15.35224358299064
ICICIPRULI,ICICI Prudential Life Insurance Company Ltd,14.398280803414682,14.398280803414682
ICICIPRULI,ICICI Prudential Life Insurance Company Ltd,9.661972474767682,9.661972474767682
ICICIPRULI,ICICI Prudential Life Insurance Company Ltd,9.933823079711573,9.933823079711573
ICICIPRULI,ICICI Prudential Life Insurance Company Ltd,5.822200913543592,5.822200913543592
ICICIPRULI,ICICI Prudential Life Insurance Company Ltd,4.7409539441474315,4.7409539441474315
ICICIPRULI,ICICI Prudential Life Insurance Company Ltd,4.834042647434236,4.834042647434236
ICICIPRULI,ICICI Prudential Life Insurance Company Ltd,4.337594915203355,4.337594915203355
INDUSINDBK,IndusInd Bank Ltd,14.54983916191147,14.54983916191147
INDUSINDBK,IndusInd Bank Ltd,16.314225057402158,16.314225057402158
INDUSINDBK,IndusInd Bank Ltd,17.68233869237917,17.68233869237917
INDUSINDBK,IndusInd Bank Ltd,16.08678221706643,16.08678221706643
INDUSINDBK,IndusInd Bank Ltd,16.899841088687133,16.899841088687133
INDUSINDBK,IndusInd Bank Ltd,17.99602623150608,17.99602623150608
INDUSINDBK,IndusInd Bank Ltd,13.599202979573782,13.599202979573782
INDUSINDBK,IndusInd Bank Ltd,14.039379364486646,14.039379364486646
INDUSINDBK,IndusInd Bank Ltd,8.159573309160018,8.159573309160018
INDUSINDBK,IndusInd Bank Ltd,12.313582717191863,12.313582717191863
INDUSINDBK,IndusInd Bank Ltd,16.924704371054546,16.924704371054546
INDUSINDBK,IndusInd Bank Ltd,16.907984985696835,16.907984985696835
INFY,Infosys Ltd,24.091973955506226,24.091973955506226
INFY,Infosys Ltd,22.592697675250527,22.592697675250527
INFY,Infosys Ltd,23.794394019054874,23.794394019054874
INFY,Infosys Ltd,21.72472510084762,21.72472510084762
INFY,Infosys Ltd,20.88252858460467,20.88252858460467
INFY,Infosys Ltd,23.70916235657475,23.70916235657475
INFY,Infosys Ltd,21.182961861103408,21.182961861103408
INFY,Infosys Ltd,21.87458314232541,21.87458314232541
INFY,Infosys Ltd,22.385422318359872,22.385422318359872
INFY,Infosys Ltd,23.798437619697943,23.798437619697943
INFY,Infosys Ltd,24.198271271187576,24.198271271187576
INFY,Infosys Ltd,23.434382092858346,23.434382092858346
IOC,"Indian Oil Corporation
",3.269601308112561,3.269601308112561
IOC,"Indian Oil Corporation
",5.842684344864563,5.842684344864563
IOC,"Indian Oil Corporation
",4.080978648422821,4.080978648422821
IOC,"Indian Oil Corporation
",8.691196782493348,8.691196782493348
IOC,"Indian Oil Corporation
",12.851315856254395,12.851315856254395
IOC,"Indian Oil Corporation
",12.61870133702267,12.61870133702267
IOC,"Indian Oil Corporation
",9.314755549875656,9.314755549875656
IOC,"Indian Oil Corporation
",-1.1771457228471915,-1.1771457228471915
IOC,"Indian Oil Corporation
",12.718947625264725,12.718947625264725
IOC,"Indian Oil Corporation
",11.815821272604587,11.815821272604587
IOC,"Indian Oil Corporation
",4.883560116523545,4.883560116523545
IOC,"Indian Oil Corporation
",14.545543688253643,14.545543688253643
IRCTC,Indian Railway Catering & Tourism Corporation Ltd,20.93733251665263,20.93733251665263
IRCTC,Indian Railway Catering & Tourism Corporation Ltd,24.34837241569197,24.34837241569197
IRCTC,Indian Railway Catering & Tourism Corporation Ltd,22.081814686016184,22.081814686016184
IRCTC,Indian Railway Catering & Tourism Corporation Ltd,19.108197681478252,19.108197681478252
IRCTC,Indian Railway Catering & Tourism Corporation Ltd,22.687802393684745,22.687802393684745
IRCTC,Indian Railway Catering & Tourism Corporation Ltd,30.850053245558836,30.850053245558836
IRCTC,Indian Railway Catering & Tourism Corporation Ltd,18.45516533016533,18.45516533016533
IRCTC,Indian Railway Catering & Tourism Corporation Ltd,35.20959208590301,35.20959208590301
IRCTC,Indian Railway Catering & Tourism Corporation Ltd,34.50365475432607,34.50365475432607
IRCTC,Indian Railway Catering & Tourism Corporation Ltd,30.20751009635951,30.20751009635951
IRFC,Indian Railway Finance Corporation Ltd,9.338019439268107,9.338019439268107
IRFC,Indian Railway Finance Corporation Ltd,9.05068223628712,9.05068223628712
IRFC,Indian Railway Finance Corporation Ltd,18.46495638950834,18.46495638950834
IRFC,Indian Railway Finance Corporation Ltd,14.631593574420648,14.631593574420648
IRFC,Indian Railway Finance Corporation Ltd,17.159311918013447,17.159311918013447
IRFC,Indian Railway Finance Corporation Ltd,20.148400715767337,20.148400715767337
IRFC,Indian Railway Finance Corporation Ltd,22.4281116872481,22.4281116872481
IRFC,Indian Railway Finance Corporation Ltd,19.899626084235454,19.899626084235454
IRFC,Indian Railway Finance Corporation Ltd,18.5513189052514,18.5513189052514
ITC,"ITC Ltd
",28.816494528444096,28.816494528444096
ITC,"ITC Ltd
",29.270604225480504,29.270604225480504
ITC,"ITC Ltd
",28.003078679563416,28.003078679563416
ITC,"ITC Ltd
",23.25160223391611,23.25160223391611
ITC,"ITC Ltd
",23.53535231116674,23.53535231116674
ITC,"ITC Ltd
",24.16948078252436,24.16948078252436
ITC,"ITC Ltd
",24.128820993890347,24.128820993890347
ITC,"ITC Ltd
",27.730672074174038,27.730672074174038
ITC,"ITC Ltd
",24.673243432991836,24.673243432991836
ITC,"ITC Ltd
",25.193098879490705,25.193098879490705
ITC,"ITC Ltd
",27.813997447349074,27.813997447349074
ITC,"ITC Ltd
",28.566549813205746,28.566549813205746
JINDALSTEL,Jindal Steel & Power Ltd,14.397139624935683,14.397139624935683
JINDALSTEL,Jindal Steel & Power Ltd,9.108317762337473,9.108317762337473
JINDALSTEL,Jindal Steel & Power Ltd,-7.192317523163486,-7.192317523163486
JINDALSTEL,Jindal Steel & Power Ltd,-12.686589637449194,-12.686589637449194
JINDALSTEL,Jindal Steel & Power Ltd,-10.097005345044796,-10.097005345044796
JINDALSTEL,Jindal Steel & Power Ltd,-5.086653820187048,-5.086653820187048
JINDALSTEL,Jindal Steel & Power Ltd,-6.326580793518441,-6.326580793518441
JINDALSTEL,Jindal Steel & Power Ltd,-1.1497200624881552,-1.1497200624881552
JINDALSTEL,Jindal Steel & Power Ltd,12.875886036051067,12.875886036051067
JINDALSTEL,Jindal Steel & Power Ltd,16.107952882636564,16.107952882636564
JINDALSTEL,Jindal Steel & Power Ltd,8.867691145860942,8.867691145860942
JINDALSTEL,Jindal Steel & Power Ltd,12.606472548577571,12.606472548577571
JIOFIN,Jio Financial Services Ltd,34.45802663862601,34.45802663862601
JIOFIN,Jio Financial Services Ltd,43.83818373390417,43.83818373390417
JSWENERGY,JSW Energy Ltd,12.340361929642075,12.340361929642075
JSWENERGY,JSW Energy Ltd,10.177065402869758,10.177065402869758
JSWENERGY,JSW Energy Ltd,16.296020252865965,16.296020252865965
JSWENERGY,JSW Energy Ltd,14.953452822436633,14.953452822436633
JSWENERGY,JSW Energy Ltd,6.773964234219365,6.773964234219365
JSWENERGY,JSW Energy Ltd,0.9105541564219783,0.9105541564219783
JSWENERGY,JSW Energy Ltd,6.635524784189376,6.635524784189376
JSWENERGY,JSW Energy Ltd,11.174379581845928,11.174379581845928
JSWENERGY,JSW Energy Ltd,8.781375297565301,8.781375297565301
JSWENERGY,JSW Energy Ltd,15.675299652906642,15.675299652906642
JSWENERGY,JSW Energy Ltd,11.134515730025747,11.134515730025747
JSWENERGY,JSW Energy Ltd,11.649406540601223,11.649406540601223
JSWSTEEL,JSW Steel Ltd,3.937595855801129,3.937595855801129
JSWSTEEL,JSW Steel Ltd,1.3417022497476978,1.3417022497476978
JSWSTEEL,JSW Steel Ltd,5.488105704844806,5.488105704844806
JSWSTEEL,JSW Steel Ltd,-1.8469350573649141,-1.8469350573649141
JSWSTEEL,JSW Steel Ltd,10.772016935025214,10.772016935025214
JSWSTEEL,JSW Steel Ltd,15.16594410955595,15.16594410955595
JSWSTEEL,JSW Steel Ltd,15.250469706670767,15.250469706670767
JSWSTEEL,JSW Steel Ltd,8.026284105798188,8.026284105798188
JSWSTEEL,JSW Steel Ltd,13.348347744408372,13.348347744408372
JSWSTEEL,JSW Steel Ltd,22.708787184007438,22.708787184007438
JSWSTEEL,JSW Steel Ltd,4.397150860817382,4.397150860817382
JSWSTEEL,JSW Steel Ltd,8.340062291019695,8.340062291019695
KOTAKBANK,"Kotak Mahindra Bank Ltd
",17.65431745997096,17.65431745997096
KOTAKBANK,"Kotak Mahindra Bank Ltd
",17.16219444938259,17.16219444938259
KOTAKBANK,"Kotak Mahindra Bank Ltd
",18.663411752667514,18.663411752667514
KOTAKBANK,"Kotak Mahindra Bank Ltd
",13.917549545233012,13.917549545233012
KOTAKBANK,"Kotak Mahindra Bank Ltd
",17.76080153334184,17.76080153334184
KOTAKBANK,"Kotak Mahindra Bank Ltd
",18.648270308079404,18.648270308079404
KOTAKBANK,"Kotak Mahindra Bank Ltd
",18.308570516083883,18.308570516083883
KOTAKBANK,"Kotak Mahindra Bank Ltd
",19.282954077317587,19.282954077317587
KOTAKBANK,"Kotak Mahindra Bank Ltd
",21.141905372617728,21.141905372617728
KOTAKBANK,"Kotak Mahindra Bank Ltd
",24.167445650274907,24.167445650274907
KOTAKBANK,"Kotak Mahindra Bank Ltd
",24.378236391578216,24.378236391578216
KOTAKBANK,"Kotak Mahindra Bank Ltd
",23.199584827324763,23.199584827324763
LICI,Life Insurance Corporation of India,162.39032438071354,162.39032438071354
LICI,Life Insurance Corporation of India,135.445290476713,135.445290476713
LICI,Life Insurance Corporation of India,21.81603563553505,21.81603563553505
LICI,Life Insurance Corporation of India,18.476069788004136,18.476069788004136
LICI,Life Insurance Corporation of India,41.22387466403727,41.22387466403727
LICI,Life Insurance Corporation of India,27.141855431579536,27.141855431579536
LODHA,Macrotech Developers Ltd,13.108341286713562,13.108341286713562
LODHA,Macrotech Developers Ltd,10.92434550962633,10.92434550962633
LODHA,Macrotech Developers Ltd,11.808256450429623,11.808256450429623
LODHA,Macrotech Developers Ltd,28.304179048652834,28.304179048652834
LODHA,Macrotech Developers Ltd,11.131859698502852,11.131859698502852
LODHA,Macrotech Developers Ltd,0.9623003652321587,0.9623003652321587
LODHA,Macrotech Developers Ltd,11.53101393304592,11.53101393304592
LODHA,Macrotech Developers Ltd,4.521887803736218,4.521887803736218
LODHA,Macrotech Developers Ltd,11.979868243198926,11.979868243198926
LT,Larsen & Toubro Ltd,201.12735292682717,201.12735292682717
LT,Larsen & Toubro Ltd,154.57977956861018,154.57977956861018
LT,Larsen & Toubro Ltd,125.25775960174082,125.25775960174082
LT,Larsen & Toubro Ltd,110.31758353625266,110.31758353625266
LT,Larsen & Toubro Ltd,106.11559237401005,106.11559237401005
LT,Larsen & Toubro Ltd,107.02258976963282,107.02258976963282
LT,Larsen & Toubro Ltd,108.18216843860478,108.18216843860478
LT,Larsen & Toubro Ltd,104.54058491915539,104.54058491915539
LT,Larsen & Toubro Ltd,93.20263467934336,93.20263467934336
LT,Larsen & Toubro Ltd,39.78897367706681,39.78897367706681
LT,Larsen & Toubro Ltd,41.17957708693241,41.17957708693241
LT,Larsen & Toubro Ltd,42.34817393773543,42.34817393773543
LTIM,LTIMindtree Ltd,28.2826163306079,28.2826163306079
LTIM,LTIMindtree Ltd,41.053628238145734,41.053628238145734
LTIM,LTIMindtree Ltd,26.702267866073704,26.702267866073704
LTIM,LTIMindtree Ltd,26.82077639814051,26.82077639814051
LTIM,LTIMindtree Ltd,22.9101937928516,22.9101937928516
LTIM,LTIMindtree Ltd,22.014328488615362,22.014328488615362
LTIM,LTIMindtree Ltd,23.51607915640742,23.51607915640742
LTIM,LTIMindtree Ltd,21.049592758075185,21.049592758075185
LTIM,LTIMindtree Ltd,21.100171244247953,21.100171244247953
LTIM,LTIMindtree Ltd,21.387229734230306,21.387229734230306
LTIM,LTIMindtree Ltd,19.93450593565602,19.93450593565602
LTIM,LTIMindtree Ltd,17.90684854335268,17.90684854335268
M&M,"Mahindra & Mahindra Ltd
",13.348069044420733,13.348069044420733
M&M,"Mahindra & Mahindra Ltd
",14.539149435469513,14.539149435469513
M&M,"Mahindra & Mahindra Ltd
",8.903937857409572,8.903937857409572
M&M,"Mahindra & Mahindra Ltd
",9.050745161493692,9.050745161493692
M&M,"Mahindra & Mahindra Ltd
",9.219844935516948,9.219844935516948
M&M,"Mahindra & Mahindra Ltd
",15.14043593061604,15.14043593061604
M&M,"Mahindra & Mahindra Ltd
",10.397319616177256,10.397319616177256
M&M,"Mahindra & Mahindra Ltd
",-0.6144767600690328,-0.6144767600690328
M&M,"Mahindra & Mahindra Ltd
",2.8358923698554968,2.8358923698554968
M&M,"Mahindra & Mahindra Ltd
",11.717620347826314,11.717620347826314
M&M,"Mahindra & Mahindra Ltd
",14.77899002235677,14.77899002235677
M&M,"Mahindra & Mahindra Ltd
",13.679965436414852,13.679965436414852
MARUTI,Maruti Suzuki India Ltd,9.277993833648658,9.277993833648658
MARUTI,Maruti Suzuki India Ltd,9.842162201084362,9.842162201084362
MARUTI,Maruti Suzuki India Ltd,11.580589289380976,11.580589289380976
MARUTI,Maruti Suzuki India Ltd,13.749944939293314,13.749944939293314
MARUTI,Maruti Suzuki India Ltd,15.645366539614148,15.645366539614148
MARUTI,Maruti Suzuki India Ltd,14.196324232340338,14.196324232340338
MARUTI,Maruti Suzuki India Ltd,12.568201827666414,12.568201827666414
MARUTI,Maruti Suzuki India Ltd,9.497764580922297,9.497764580922297
MARUTI,Maruti Suzuki India Ltd,7.298348166246544,7.298348166246544
MARUTI,Maruti Suzuki India Ltd,5.702354511830228,5.702354511830228
MARUTI,Maruti Suzuki India Ltd,9.028444132295363,9.028444132295363
MARUTI,Maruti Suzuki India Ltd,12.629242500449752,12.629242500449752
MOTHERSON,Samvardhana Motherson International Ltd,10.766658374077027,10.766658374077027
MOTHERSON,Samvardhana Motherson International Ltd,20.34011357472134,20.34011357472134
MOTHERSON,Samvardhana Motherson International Ltd,21.298182558375014,21.298182558375014
MOTHERSON,Samvardhana Motherson International Ltd,22.556228612645494,22.556228612645494
MOTHERSON,Samvardhana Motherson International Ltd,15.69139807248291,15.69139807248291
MOTHERSON,Samvardhana Motherson International Ltd,13.439616224042092,13.439616224042092
MOTHERSON,Samvardhana Motherson International Ltd,11.219919124690175,11.219919124690175
MOTHERSON,Samvardhana Motherson International Ltd,6.810882154144581,6.810882154144581
MOTHERSON,Samvardhana Motherson International Ltd,7.612961281628241,7.612961281628241
MOTHERSON,Samvardhana Motherson International Ltd,3.797314179968463,3.797314179968463
MOTHERSON,Samvardhana Motherson International Ltd,4.778851135772335,4.778851135772335
MOTHERSON,Samvardhana Motherson International Ltd,7.303287272810332,7.303287272810332
NAUKRI,Info Edge (India) Ltd,14.300847457627118,14.300847457627118
NAUKRI,Info Edge (India) Ltd,9.755291005291006,9.755291005291006
NAUKRI,Info Edge (India) Ltd,-1.4509837996485742,-1.4509837996485742
NAUKRI,Info Edge (India) Ltd,11.711420560682884,11.711420560682884
NAUKRI,Info Edge (India) Ltd,-3.7716736837339853,-3.7716736837339853
NAUKRI,Info Edge (India) Ltd,37.60363976520199,37.60363976520199
NAUKRI,Info Edge (India) Ltd,37.356563544907694,37.356563544907694
NAUKRI,Info Edge (India) Ltd,-14.97864464692483,-14.97864464692483
NAUKRI,Info Edge (India) Ltd,75.99397241981188,75.99397241981188
NAUKRI,Info Edge (India) Ltd,442.70573144200034,442.70573144200034
NAUKRI,Info Edge (India) Ltd,-1.7531341281231043,-1.7531341281231043
NAUKRI,Info Edge (India) Ltd,12.714153647003343,12.714153647003343
NESTLEIND,Nestle India Ltd,29.72199233006768,29.72199233006768
NESTLEIND,Nestle India Ltd,26.896913958782324,26.896913958782324
NESTLEIND,Nestle India Ltd,13.436325324943901,13.436325324943901
NESTLEIND,Nestle India Ltd,20.725178580464057,20.725178580464057
NESTLEIND,Nestle India Ltd,24.02823784402732,24.02823784402732
NESTLEIND,Nestle India Ltd,28.99150790553154,28.99150790553154
NESTLEIND,Nestle India Ltd,59.25881338618504,59.25881338618504
NESTLEIND,Nestle India Ltd,59.35793111508088,59.35793111508088
NESTLEIND,Nestle India Ltd,61.603366187238606,61.603366187238606
NESTLEIND,Nestle India Ltd,55.69254456882902,55.69254456882902
NESTLEIND,Nestle India Ltd,68.82018613575937,68.82018613575937
NESTLEIND,Nestle India Ltd,66.9386540520664,66.9386540520664
NHPC,"NHPC Ltd
",27.33342416979381,27.33342416979381
NHPC,"NHPC Ltd
",13.940884557092016,13.940884557092016
NHPC,"NHPC Ltd
",21.56580464726942,21.56580464726942
NHPC,"NHPC Ltd
",17.891899302951195,17.891899302951195
NHPC,"NHPC Ltd
",26.175490293433345,26.175490293433345
NHPC,"NHPC Ltd
",22.591489031184565,22.591489031184565
NHPC,"NHPC Ltd
",20.389567447634725,20.389567447634725
NHPC,"NHPC Ltd
",22.041288768800136,22.041288768800136
NHPC,"NHPC Ltd
",24.102515588938797,24.102515588938797
NHPC,"NHPC Ltd
",26.040108265367778,26.040108265367778
NHPC,"NHPC Ltd
",25.84997627072851,25.84997627072851
NHPC,"NHPC Ltd
",26.113333871849143,26.113333871849143
NTPC,NTPC Ltd,16.545367568096225,16.545367568096225
NTPC,NTPC Ltd,13.807579435899195,13.807579435899195
NTPC,NTPC Ltd,12.334065121676105,12.334065121676105
NTPC,NTPC Ltd,13.230837576115247,13.230837576115247
NTPC,NTPC Ltd,12.004960074129912,12.004960074129912
NTPC,NTPC Ltd,11.031766404550762,11.031766404550762
NTPC,NTPC Ltd,13.298273944081949,13.298273944081949
NTPC,NTPC Ltd,10.44406374337542,10.44406374337542
NTPC,NTPC Ltd,12.663099657239183,12.663099657239183
NTPC,NTPC Ltd,12.655974907749888,12.655974907749888
NTPC,NTPC Ltd,10.680764916390531,10.680764916390531
NTPC,NTPC Ltd,12.612115868426951,12.612115868426951
ONGC,Oil & Natural Gas Corpn Ltd,15.271728140034515,15.271728140034515
ONGC,Oil & Natural Gas Corpn Ltd,15.401641019394607,15.401641019394607
ONGC,Oil & Natural Gas Corpn Ltd,10.405557734887907,10.405557734887907
ONGC,Oil & Natural Gas Corpn Ltd,8.593228014903072,8.593228014903072
ONGC,Oil & Natural Gas Corpn Ltd,12.665400364167471,12.665400364167471
ONGC,Oil & Natural Gas Corpn Ltd,10.42759112376368,10.42759112376368
ONGC,Oil & Natural Gas Corpn Ltd,11.846870783564013,11.846870783564013
ONGC,Oil & Natural Gas Corpn Ltd,4.236539910902888,4.236539910902888
ONGC,Oil & Natural Gas Corpn Ltd,8.347898476296898,8.347898476296898
ONGC,Oil & Natural Gas Corpn Ltd,14.515012609352969,14.515012609352969
ONGC,Oil & Natural Gas Corpn Ltd,8.431723093371673,8.431723093371673
ONGC,Oil & Natural Gas Corpn Ltd,13.297844165805607,13.297844165805607
PFC,Power Finance Corporation Ltd,22.186995116434446,22.186995116434446
PFC,Power Finance Corporation Ltd,22.680479940291747,22.680479940291747
PFC,Power Finance Corporation Ltd,21.276054102958096,21.276054102958096
PFC,Power Finance Corporation Ltd,19.68016437386653,19.68016437386653
PFC,Power Finance Corporation Ltd,7.087848117666855,7.087848117666855
PFC,Power Finance Corporation Ltd,20.088018999231807,20.088018999231807
PFC,Power Finance Corporation Ltd,25.093053801777252,25.093053801777252
PFC,Power Finance Corporation Ltd,17.211619968330837,17.211619968330837
PFC,Power Finance Corporation Ltd,23.897644125272855,23.897644125272855
PFC,Power Finance Corporation Ltd,25.39719718074477,25.39719718074477
PFC,Power Finance Corporation Ltd,26.21438695274417,26.21438695274417
PFC,Power Finance Corporation Ltd,27.53876577099667,27.53876577099667
PIDILITIND,Pidilite Industries Ltd,18.604704779577293,18.604704779577293
PIDILITIND,Pidilite Industries Ltd,16.77996645143017,16.77996645143017
PIDILITIND,Pidilite Industries Ltd,16.627118520755047,16.627118520755047
PIDILITIND,Pidilite Industries Ltd,22.8222594061313,22.8222594061313
PIDILITIND,Pidilite Industries Ltd,20.113612589103326,20.113612589103326
PIDILITIND,Pidilite Industries Ltd,21.460962716912924,21.460962716912924
PIDILITIND,Pidilite Industries Ltd,17.74163794914526,17.74163794914526
PIDILITIND,Pidilite Industries Ltd,20.281019691549435,20.281019691549435
PIDILITIND,Pidilite Industries Ltd,17.78588537036597,17.78588537036597
PIDILITIND,Pidilite Industries Ltd,15.506853770017365,15.506853770017365
PIDILITIND,Pidilite Industries Ltd,14.39882204687811,14.39882204687811
PIDILITIND,Pidilite Industries Ltd,17.44417674495728,17.44417674495728
PNB,Punjab National Bank,411.9764543214151,411.9764543214151
PNB,Punjab National Bank,411.9764543214151,411.9764543214151
PNB,Punjab National Bank,411.9764543214151,411.9764543214151
PNB,Punjab National Bank,411.9764543214151,411.9764543214151
PNB,Punjab National Bank,411.9764543214151,411.9764543214151
PNB,Punjab National Bank,200.7669780398417,200.7669780398417
PNB,Punjab National Bank,200.7669780398417,200.7669780398417
PNB,Punjab National Bank,200.7669780398417,200.7669780398417
PNB,Punjab National Bank,200.7669780398417,200.7669780398417
PNB,Punjab National Bank,200.7669780398417,200.7669780398417
PNB,Punjab National Bank,115.23963281152791,115.23963281152791
PNB,Punjab National Bank,115.23963281152791,115.23963281152791
PNB,Punjab National Bank,115.23963281152791,115.23963281152791
PNB,Punjab National Bank,115.23963281152791,115.23963281152791
PNB,Punjab National Bank,115.23963281152791,115.23963281152791
PNB,Punjab National Bank,-85.23450832330936,-85.23450832330936
PNB,Punjab National Bank,-85.23450832330936,-85.23450832330936
PNB,Punjab National Bank,-85.23450832330936,-85.23450832330936
PNB,Punjab National Bank,-85.23450832330936,-85.23450832330936
PNB,Punjab National Bank,-85.23450832330936,-85.23450832330936
PNB,Punjab National Bank,12.395198606751038,12.395198606751038
PNB,Punjab National Bank,12.395198606751038,12.395198606751038
PNB,Punjab National Bank,12.395198606751038,12.395198606751038
PNB,Punjab National Bank,12.395198606751038,12.395198606751038
PNB,Punjab National Bank,12.395198606751038,12.395198606751038
PNB,Punjab National Bank,-104.61089241638335,-104.61089241638335
PNB,Punjab National Bank,-104.61089241638335,-104.61089241638335
PNB,Punjab National Bank,-104.61089241638335,-104.61089241638335
PNB,Punjab National Bank,-104.61089241638335,-104.61089241638335
PNB,Punjab National Bank,-104.61089241638335,-104.61089241638335
PNB,Punjab National Bank,-73.38007504495368,-73.38007504495368
PNB,Punjab National Bank,-73.38007504495368,-73.38007504495368
PNB,Punjab National Bank,-73.38007504495368,-73.38007504495368
PNB,Punjab National Bank,-73.38007504495368,-73.38007504495368
PNB,Punjab National Bank,-73.38007504495368,-73.38007504495368
PNB,Punjab National Bank,3.4930333897996877,3.4930333897996877
PNB,Punjab National Bank,3.4930333897996877,3.4930333897996877
PNB,Punjab National Bank,3.4930333897996877,3.4930333897996877
PNB,Punjab National Bank,3.4930333897996877,3.4930333897996877
PNB,Punjab National Bank,3.4930333897996877,3.4930333897996877
PNB,Punjab National Bank,16.84139343924675,16.84139343924675
PNB,Punjab National Bank,16.84139343924675,16.84139343924675
PNB,Punjab National Bank,16.84139343924675,16.84139343924675
PNB,Punjab National Bank,16.84139343924675,16.84139343924675
PNB,Punjab National Bank,16.84139343924675,16.84139343924675
PNB,Punjab National Bank,22.49963299325259,22.49963299325259
PNB,Punjab National Bank,22.49963299325259,22.49963299325259
PNB,Punjab National Bank,22.49963299325259,22.49963299325259
PNB,Punjab National Bank,22.49963299325259,22.49963299325259
PNB,Punjab National Bank,22.49963299325259,22.49963299325259
PNB,Punjab National Bank,17.267603763544997,17.267603763544997
PNB,Punjab National Bank,17.267603763544997,17.267603763544997
PNB,Punjab National Bank,17.267603763544997,17.267603763544997
PNB,Punjab National Bank,17.267603763544997,17.267603763544997
PNB,Punjab National Bank,17.267603763544997,17.267603763544997
PNB,Punjab National Bank,34.858237943322074,34.858237943322074
PNB,Punjab National Bank,34.858237943322074,34.858237943322074
PNB,Punjab National Bank,34.858237943322074,34.858237943322074
PNB,Punjab National Bank,34.858237943322074,34.858237943322074
PNB,Punjab National Bank,34.858237943322074,34.858237943322074
POWERGRID,Power Grid Corporation of India Ltd,24.653375146230875,24.653375146230875
POWERGRID,Power Grid Corporation of India Ltd,24.653375146230875,24.653375146230875
POWERGRID,Power Grid Corporation of India Ltd,21.17278539449332,21.17278539449332
POWERGRID,Power Grid Corporation of India Ltd,21.17278539449332,21.17278539449332
POWERGRID,Power Grid Corporation of India Ltd,20.947910834928287,20.947910834928287
POWERGRID,Power Grid Corporation of India Ltd,20.947910834928287,20.947910834928287
POWERGRID,Power Grid Corporation of India Ltd,21.203385176562243,21.203385176562243
POWERGRID,Power Grid Corporation of India Ltd,21.203385176562243,21.203385176562243
POWERGRID,Power Grid Corporation of India Ltd,21.968823639633474,21.968823639633474
POWERGRID,Power Grid Corporation of India Ltd,21.968823639633474,21.968823639633474
POWERGRID,Power Grid Corporation of India Ltd,21.23117031877252,21.23117031877252
POWERGRID,Power Grid Corporation of India Ltd,21.23117031877252,21.23117031877252
POWERGRID,Power Grid Corporation of India Ltd,22.80074487172628,22.80074487172628
POWERGRID,Power Grid Corporation of India Ltd,22.80074487172628,22.80074487172628
POWERGRID,Power Grid Corporation of India Ltd,23.196906850956843,23.196906850956843
POWERGRID,Power Grid Corporation of India Ltd,23.196906850956843,23.196906850956843
POWERGRID,Power Grid Corporation of India Ltd,23.786645007538677,23.786645007538677
POWERGRID,Power Grid Corporation of India Ltd,23.786645007538677,23.786645007538677
POWERGRID,Power Grid Corporation of India Ltd,31.24303083482434,31.24303083482434
POWERGRID,Power Grid Corporation of India Ltd,31.24303083482434,31.24303083482434
POWERGRID,Power Grid Corporation of India Ltd,26.193030129972307,26.193030129972307
POWERGRID,Power Grid Corporation of India Ltd,26.193030129972307,26.193030129972307
POWERGRID,Power Grid Corporation of India Ltd,25.92015057399468,25.92015057399468
POWERGRID,Power Grid Corporation of India Ltd,25.92015057399468,25.92015057399468
RECLTD,REC Ltd,24.989456662695464,24.989456662695464
RECLTD,REC Ltd,25.158563074769454,25.158563074769454
RECLTD,REC Ltd,23.66353748556183,23.66353748556183
RECLTD,REC Ltd,21.64322484119986,21.64322484119986
RECLTD,REC Ltd,22.343966470992427,22.343966470992427
RECLTD,REC Ltd,16.65133880910552,16.65133880910552
RECLTD,REC Ltd,19.606833703165975,19.606833703165975
RECLTD,REC Ltd,15.32591264526604,15.32591264526604
RECLTD,REC Ltd,21.35287806218998,21.35287806218998
RECLTD,REC Ltd,22.555257805520675,22.555257805520675
RECLTD,REC Ltd,23.747302745649804,23.747302745649804
RECLTD,REC Ltd,25.082416373154288,25.082416373154288
RELIANCE,"Reliance Industries Ltd
",8.373586224627497,8.373586224627497
RELIANCE,"Reliance Industries Ltd
",8.274817523384101,8.274817523384101
RELIANCE,"Reliance Industries Ltd
",8.56692314601253,8.56692314601253
RELIANCE,"Reliance Industries Ltd
",11.925314510726425,11.925314510726425
RELIANCE,"Reliance Industries Ltd
",10.56391031736825,10.56391031736825
RELIANCE,"Reliance Industries Ltd
",10.762282308500316,10.762282308500316
RELIANCE,"Reliance Industries Ltd
",8.65010891053351,8.65010891053351
RELIANCE,"Reliance Industries Ltd
",7.781169049875146,7.781169049875146
RELIANCE,"Reliance Industries Ltd
",9.599748060331718,9.599748060331718
RELIANCE,"Reliance Industries Ltd
",9.235144669638037,9.235144669638037
RELIANCE,"Reliance Industries Ltd
",9.401524449697707,9.401524449697707
RELIANCE,"Reliance Industries Ltd
",9.374008055499424,9.374008055499424
SBILIFE,SBI Life Insurance Company Ltd,13.6315170070435,13.6315170070435
SBILIFE,SBI Life Insurance Company Ltd,12.955412293633561,12.955412293633561
SBILIFE,SBI Life Insurance Company Ltd,11.788371597161092,11.788371597161092
SBILIFE,SBI Life Insurance Company Ltd,11.09993372876236,11.09993372876236
SBILIFE,SBI Life Insurance Company Ltd,10.163618110903274,10.163618110903274
SBILIFE,SBI Life Insurance Company Ltd,10.49601165316426,10.49601165316426
SBILIFE,SBI Life Insurance Company Ltd,10.245454496814725,10.245454496814725
SBILIFE,SBI Life Insurance Company Ltd,9.75558185910604,9.75558185910604
SBILIFE,SBI Life Insurance Company Ltd,7.888747817806698,7.888747817806698
SBILIFE,SBI Life Insurance Company Ltd,7.386506150120465,7.386506150120465
SBILIFE,SBI Life Insurance Company Ltd,7.6772195802930385,7.6772195802930385
SBILIFE,SBI Life Insurance Company Ltd,7.06978353903741,7.06978353903741
SHREECEM,Shree Cement Ltd,22.32472480639361,22.32472480639361
SHREECEM,Shree Cement Ltd,15.23818066575259,15.23818066575259
SHREECEM,Shree Cement Ltd,7.440248892239602,7.440248892239602
SHREECEM,Shree Cement Ltd,16.487382999601007,16.487382999601007
SHREECEM,Shree Cement Ltd,14.815429359639463,14.815429359639463
SHREECEM,Shree Cement Ltd,9.289861863513497,9.289861863513497
SHREECEM,Shree Cement Ltd,11.861630561859878,11.861630561859878
SHREECEM,Shree Cement Ltd,16.20639737887107,16.20639737887107
SHREECEM,Shree Cement Ltd,7.861202497304204,7.861202497304204
SHREECEM,Shree Cement Ltd,12.99108858955586,12.99108858955586
SHREECEM,Shree Cement Ltd,8.407887537426685,8.407887537426685
SHRIRAMFIN,"Shriram Finance Ltd
",20.405237847643694,20.405237847643694
SHRIRAMFIN,"Shriram Finance Ltd
",15.98970259012937,15.98970259012937
SHRIRAMFIN,"Shriram Finance Ltd
",11.148120585343651,11.148120585343651
SHRIRAMFIN,"Shriram Finance Ltd
",11.532447402404618,11.532447402404618
SHRIRAMFIN,"Shriram Finance Ltd
",11.391692827412825,11.391692827412825
SHRIRAMFIN,"Shriram Finance Ltd
",18.749057440182277,18.749057440182277
SHRIRAMFIN,"Shriram Finance Ltd
",16.359081018521657,16.359081018521657
SHRIRAMFIN,"Shriram Finance Ltd
",14.50724481094607,14.50724481094607
SHRIRAMFIN,"Shriram Finance Ltd
",12.925523600313607,12.925523600313607
SHRIRAMFIN,"Shriram Finance Ltd
",12.279339681742336,12.279339681742336
SHRIRAMFIN,"Shriram Finance Ltd
",16.789073607255425,16.789073607255425
SHRIRAMFIN,"Shriram Finance Ltd
",17.724988404192874,17.724988404192874
SIEMENS,Siemens Ltd,15.003445835930862,15.003445835930862
SIEMENS,Siemens Ltd,9.714991036309636,9.714991036309636
SIEMENS,Siemens Ltd,17.02869876046956,17.02869876046956
SIEMENS,Siemens Ltd,34.861702164167156,34.861702164167156
SIEMENS,Siemens Ltd,12.530539776483328,12.530539776483328
SIEMENS,Siemens Ltd,8.949271467378779,8.949271467378779
SIEMENS,Siemens Ltd,10.272280196419649,10.272280196419649
SIEMENS,Siemens Ltd,7.916655332813205,7.916655332813205
SIEMENS,Siemens Ltd,9.388019991782935,9.388019991782935
SIEMENS,Siemens Ltd,11.425775468667156,11.425775468667156
SIEMENS,Siemens Ltd,12.512864727856975,12.512864727856975
SIEMENS,Siemens Ltd,14.959996156229929,14.959996156229929
SUNPHARMA,Sun Pharmaceuticals Industries Ltd,27.153654498141456,27.153654498141456
SUNPHARMA,Sun Pharmaceuticals Industries Ltd,22.531202791709468,22.531202791709468
SUNPHARMA,Sun Pharmaceuticals Industries Ltd,20.67507933517931,20.67507933517931
SUNPHARMA,Sun Pharmaceuticals Industries Ltd,18.507991451275522,18.507991451275522
SUNPHARMA,Sun Pharmaceuticals Industries Ltd,23.13008375877186,23.13008375877186
SUNPHARMA,Sun Pharmaceuticals Industries Ltd,8.115543387975858,8.115543387975858
SUNPHARMA,Sun Pharmaceuticals Industries Ltd,9.392029252681699,9.392029252681699
SUNPHARMA,Sun Pharmaceuticals Industries Ltd,10.960813712983374,10.960813712983374
SUNPHARMA,Sun Pharmaceuticals Industries Ltd,5.836203440349999,5.836203440349999
SUNPHARMA,Sun Pharmaceuticals Industries Ltd,7.913163159323547,7.913163159323547
SUNPHARMA,Sun Pharmaceuticals Industries Ltd,17.300564413988745,17.300564413988745
SUNPHARMA,Sun Pharmaceuticals Industries Ltd,17.454910255604663,17.454910255604663
TATACONSUM,Tata Consumer Products Ltd,7.652578700735415,7.652578700735415
TATACONSUM,Tata Consumer Products Ltd,7.655144784653462,7.655144784653462
TATACONSUM,Tata Consumer Products Ltd,4.1927251610041365,4.1927251610041365
TATACONSUM,Tata Consumer Products Ltd,-0.5748825429878182,-0.5748825429878182
TATACONSUM,Tata Consumer Products Ltd,6.986742143339761,6.986742143339761
TATACONSUM,Tata Consumer Products Ltd,8.033155338797798,8.033155338797798
TATACONSUM,Tata Consumer Products Ltd,6.267330659427924,6.267330659427924
TATACONSUM,Tata Consumer Products Ltd,4.051491884318608,4.051491884318608
TATACONSUM,Tata Consumer Products Ltd,7.2073241904857515,7.2073241904857515
TATACONSUM,Tata Consumer Products Ltd,7.436111850072832,7.436111850072832
TATACONSUM,Tata Consumer Products Ltd,8.843308835105876,8.843308835105876
TATACONSUM,Tata Consumer Products Ltd,7.778530149370619,7.778530149370619
TATAMOTORS,Tata Motors Ltd,15.894963123294861,15.894963123294861
TATAMOTORS,Tata Motors Ltd,13.725359556812103,13.725359556812103
TATAMOTORS,Tata Motors Ltd,15.180524014540953,15.180524014540953
TATAMOTORS,Tata Motors Ltd,9.534100300511861,9.534100300511861
TATAMOTORS,Tata Motors Ltd,7.908736142887105,7.908736142887105
TATAMOTORS,Tata Motors Ltd,6.322357800778141,6.322357800778141
TATAMOTORS,Tata Motors Ltd,-28.622073681170583,-28.622073681170583
TATAMOTORS,Tata Motors Ltd,-11.785529277051044,-11.785529277051044
TATAMOTORS,Tata Motors Ltd,-14.804028781762756,-14.804028781762756
TATAMOTORS,Tata Motors Ltd,-14.720023708079175,-14.720023708079175
TATAMOTORS,Tata Motors Ltd,3.3564190806059973,3.3564190806059973
TATAMOTORS,Tata Motors Ltd,22.359600113868048,22.359600113868048
TATAPOWER,"Tata Power Company Ltd
",0.6839506552044451,0.6839506552044451
TATAPOWER,"Tata Power Company Ltd
",0.06517768631045537,0.06517768631045537
TATAPOWER,"Tata Power Company Ltd
",2.27609451358413,2.27609451358413
TATAPOWER,"Tata Power Company Ltd
",4.7107946972836805,4.7107946972836805
TATAPOWER,"Tata Power Company Ltd
",6.155872571476436,6.155872571476436
TATAPOWER,"Tata Power Company Ltd
",12.824860213296784,12.824860213296784
TATAPOWER,"Tata Power Company Ltd
",11.478904196698803,11.478904196698803
TATAPOWER,"Tata Power Company Ltd
",5.621351111542213,5.621351111542213
TATAPOWER,"Tata Power Company Ltd
",5.423237057427366,5.423237057427366
TATAPOWER,"Tata Power Company Ltd
",7.321243823473737,7.321243823473737
TATAPOWER,"Tata Power Company Ltd
",10.074126201564491,10.074126201564491
TATAPOWER,"Tata Power Company Ltd
",10.096482914094715,10.096482914094715
TATASTEEL,"Tata Steel Ltd
",-13.339381691124842,-13.339381691124842
TATASTEEL,"Tata Steel Ltd
",5.754179258142665,5.754179258142665
TATASTEEL,"Tata Steel Ltd
",-7.694284524975606,-7.694284524975606
TATASTEEL,"Tata Steel Ltd
",-0.8119448649459327,-0.8119448649459327
TATASTEEL,"Tata Steel Ltd
",-7.367985102266669,-7.367985102266669
TATASTEEL,"Tata Steel Ltd
",21.772293610943798,21.772293610943798
TATASTEEL,"Tata Steel Ltd
",9.510106714678619,9.510106714678619
TATASTEEL,"Tata Steel Ltd
",1.2176490026806963,1.2176490026806963
TATASTEEL,"Tata Steel Ltd
",8.136030886186186,8.136030886186186
TATASTEEL,"Tata Steel Ltd
",26.79664531715772,26.79664531715772
TATASTEEL,"Tata Steel Ltd
",5.575897178368923,5.575897178368923
TATASTEEL,"Tata Steel Ltd
",-3.738715935848516,-3.738715935848516
TCS,Tata Consultancy Services Ltd,29.432083365222404,29.432083365222404
TCS,Tata Consultancy Services Ltd,31.46366418789019,31.46366418789019
TCS,Tata Consultancy Services Ltd,30.405592905523733,30.405592905523733
TCS,Tata Consultancy Services Ltd,28.322669822815044,28.322669822815044
TCS,Tata Consultancy Services Ltd,26.457239678295124,26.457239678295124
TCS,Tata Consultancy Services Ltd,25.712076521438,25.712076521438
TCS,Tata Consultancy Services Ltd,28.417782117649182,28.417782117649182
TCS,Tata Consultancy Services Ltd,29.621560634776376,29.621560634776376
TCS,Tata Consultancy Services Ltd,28.75329168771789,28.75329168771789
TCS,Tata Consultancy Services Ltd,31.592484419072285,31.592484419072285
TCS,Tata Consultancy Services Ltd,32.77303682701853,32.77303682701853
TCS,Tata Consultancy Services Ltd,35.04051291184647,35.04051291184647
TECHM,Tech Mahindra Ltd,21.552083455675664,21.552083455675664
TECHM,Tech Mahindra Ltd,21.552083455675664,21.552083455675664
TECHM,Tech Mahindra Ltd,24.81667802015992,24.81667802015992
TECHM,Tech Mahindra Ltd,24.81667802015992,24.81667802015992
TECHM,Tech Mahindra Ltd,16.732115613628267,16.732115613628267
TECHM,Tech Mahindra Ltd,16.732115613628267,16.732115613628267
TECHM,Tech Mahindra Ltd,16.085446744816128,16.085446744816128
TECHM,Tech Mahindra Ltd,16.085446744816128,16.085446744816128
TECHM,Tech Mahindra Ltd,13.564240445236113,13.564240445236113
TECHM,Tech Mahindra Ltd,13.564240445236113,13.564240445236113
TECHM,Tech Mahindra Ltd,16.197667433566167,16.197667433566167
TECHM,Tech Mahindra Ltd,16.197667433566167,16.197667433566167
TECHM,Tech Mahindra Ltd,16.744495183460682,16.744495183460682
TECHM,Tech Mahindra Ltd,16.744495183460682,16.744495183460682
TECHM,Tech Mahindra Ltd,14.217817591637871,14.217817591637871
TECHM,Tech Mahindra Ltd,14.217817591637871,14.217817591637871
TECHM,Tech Mahindra Ltd,14.502838375703238,14.502838375703238
TECHM,Tech Mahindra Ltd,14.502838375703238,14.502838375703238
TECHM,Tech Mahindra Ltd,16.77528927181112,16.77528927181112
TECHM,Tech Mahindra Ltd,16.77528927181112,16.77528927181112
TECHM,Tech Mahindra Ltd,13.25396011623002,13.25396011623002
TECHM,Tech Mahindra Ltd,13.25396011623002,13.25396011623002
TECHM,Tech Mahindra Ltd,6.798966775440613,6.798966775440613
TECHM,Tech Mahindra Ltd,6.798966775440613,6.798966775440613
TITAN,"Titan Company Ltd
",21.98196949099678,21.98196949099678
TITAN,"Titan Company Ltd
",17.929221565187717,17.929221565187717
TITAN,"Titan Company Ltd
",16.6544020020636,16.6544020020636
TITAN,"Titan Company Ltd
",12.61669257643432,12.61669257643432
TITAN,"Titan Company Ltd
",10.860938664544308,10.860938664544308
TITAN,"Titan Company Ltd
",14.243261491661263,14.243261491661263
TITAN,"Titan Company Ltd
",14.952815514232931,14.952815514232931
TITAN,"Titan Company Ltd
",14.739563625655208,14.739563625655208
TITAN,"Titan Company Ltd
",8.745977908196483,8.745977908196483
TITAN,"Titan Company Ltd
",15.629498254827688,15.629498254827688
TITAN,"Titan Company Ltd
",17.847684327264812,17.847684327264812
TITAN,"Titan Company Ltd
",22.031417945495477,22.031417945495477
TORNTPHARM,Torrent Pharmaceuticals Ltd,22.08586754769724,22.08586754769724
TORNTPHARM,Torrent Pharmaceuticals Ltd,25.403951675434005,25.403951675434005
TORNTPHARM,Torrent Pharmaceuticals Ltd,23.173922237397164,23.173922237397164
TORNTPHARM,Torrent Pharmaceuticals Ltd,37.75763472068462,37.75763472068462
TORNTPHARM,Torrent Pharmaceuticals Ltd,18.762738379799806,18.762738379799806
TORNTPHARM,Torrent Pharmaceuticals Ltd,13.03037970541883,13.03037970541883
TORNTPHARM,Torrent Pharmaceuticals Ltd,7.454887853167536,7.454887853167536
TORNTPHARM,Torrent Pharmaceuticals Ltd,17.079436497238376,17.079436497238376
TORNTPHARM,Torrent Pharmaceuticals Ltd,18.542962720927033,18.542962720927033
TORNTPHARM,Torrent Pharmaceuticals Ltd,11.09241183345705,11.09241183345705
TORNTPHARM,Torrent Pharmaceuticals Ltd,16.514456410390583,16.514456410390583
TORNTPHARM,Torrent Pharmaceuticals Ltd,19.795133640841705,19.795133640841705
TRENT,Trent Ltd,-1.7298776296517573,-1.7298776296517573
TRENT,Trent Ltd,-1.3658286775579445,-1.3658286775579445
TRENT,Trent Ltd,7.359857973649014,7.359857973649014
TRENT,Trent Ltd,3.509494778601015,3.509494778601015
TRENT,Trent Ltd,5.092727360939281,5.092727360939281
TRENT,Trent Ltd,4.743962574282463,4.743962574282463
TRENT,Trent Ltd,4.691867368294609,4.691867368294609
TRENT,Trent Ltd,3.7397976687799295,3.7397976687799295
TRENT,Trent Ltd,-7.402833362428261,-7.402833362428261
TRENT,Trent Ltd,1.1293325328271486,1.1293325328271486
TRENT,Trent Ltd,9.978794397069539,9.978794397069539
TRENT,Trent Ltd,24.12156074014481,24.12156074014481
TVSMOTOR,TVS Motor Company Ltd,12.330478161117028,12.330478161117028
TVSMOTOR,TVS Motor Company Ltd,9.168621705097605,9.168621705097605
TVSMOTOR,TVS Motor Company Ltd,13.976422453124538,13.976422453124538
TVSMOTOR,TVS Motor Company Ltd,13.677576302758334,13.677576302758334
TVSMOTOR,TVS Motor Company Ltd,13.52152122198713,13.52152122198713
TVSMOTOR,TVS Motor Company Ltd,14.450865797106484,14.450865797106484
TVSMOTOR,TVS Motor Company Ltd,13.229840087249027,13.229840087249027
TVSMOTOR,TVS Motor Company Ltd,11.57006368340842,11.57006368340842
TVSMOTOR,TVS Motor Company Ltd,9.508874818603752,9.508874818603752
TVSMOTOR,TVS Motor Company Ltd,9.807536720106008,9.807536720106008
TVSMOTOR,TVS Motor Company Ltd,13.936167311690067,13.936167311690067
TVSMOTOR,TVS Motor Company Ltd,15.38405434891321,15.38405434891321
ULTRACEMCO,,15.376890863249066,15.376890863249066
ULTRACEMCO,,11.777553810421983,11.777553810421983
ULTRACEMCO,,10.029236436156888,10.029236436156888
ULTRACEMCO,,10.580319304820097,10.580319304820097
ULTRACEMCO,,10.91108269367167,10.91108269367167
ULTRACEMCO,,7.804523462597659,7.804523462597659
ULTRACEMCO,,6.44966659979486,6.44966659979486
ULTRACEMCO,,14.141812498057813,14.141812498057813
ULTRACEMCO,,12.288297826815512,12.288297826815512
ULTRACEMCO,,14.242215794769919,14.242215794769919
ULTRACEMCO,,8.680031846772229,8.680031846772229
ULTRACEMCO,,10.75336522590587,10.75336522590587
UNIONBANK,,10.458688720912718,10.458688720912718
UNIONBANK,,7.396304933920133,7.396304933920133
UNIONBANK,,7.203050335796318,7.203050335796318
UNIONBANK,,5.006269387524678,5.006269387524678
UNIONBANK,,2.062165202718158,2.062165202718158
UNIONBANK,,-18.228447585795728,-18.228447585795728
UNIONBANK,,-9.701916827098788,-9.701916827098788
UNIONBANK,,-8.75472117872328,-8.75472117872328
UNIONBANK,,4.27654934801277,4.27654934801277
UNIONBANK,,7.573293032043049,7.573293032043049
UNIONBANK,,10.644509791477333,10.644509791477333
UNIONBANK,,13.940938890607809,13.940938890607809
INDIGO,Interglobe Aviation Ltd,8947.457597818893,8947.457597818893
INDIGO,Interglobe Aviation Ltd,5388.495506472478,5388.495506472478
INDIGO,Interglobe Aviation Ltd,2474.3791959088194,2474.3791959088194
INDIGO,Interglobe Aviation Ltd,773.5403607154553,773.5403607154553
INDIGO,Interglobe Aviation Ltd,850.8930493618329,850.8930493618329
INDIGO,Interglobe Aviation Ltd,1125.8694670083837,1125.8694670083837
INDIGO,Interglobe Aviation Ltd,60.738829301493176,60.738829301493176
INDIGO,Interglobe Aviation Ltd,-69.62053796026576,-69.62053796026576
INDIGO,Interglobe Aviation Ltd,-568.1488482503958,-568.1488482503958
INDIGO,Interglobe Aviation Ltd,-24.99585289955889,-24.99585289955889
INDIGO,Interglobe Aviation Ltd,-20.69008453040338,-20.69008453040338
INDIGO,Interglobe Aviation Ltd,452.21051431975684,452.21051431975684
